name,datetime,tempmax,tempmin,temp,feelslikemax,feelslikemin,feelslike,dew,humidity,precip,precipprob,precipcover,preciptype,snow,snowdepth,windgust,windspeed,winddir,sealevelpressure,cloudcover,visibility,solarradiation,solarenergy,uvindex,severerisk,sunrise,sunset,moonphase,conditions,description,icon,stations
London,2018-08-10,19.1,11,15,19.1,11,15,11.2,79.47,13.02,,12.5,,,,50,20.7,246.5,1018,0.2,29.6,126.4,7.3,4,,2018-08-10T05:37:49,2018-08-10T20:32:52,1,Rain,Clear conditions throughout the day with rain.,rain,"03769099999,03680099999,D5621,03672099999,03781099999,03772099999,03770099999"
London,2018-08-11,21.1,9.6,15.9,21.1,9.6,15.9,10.3,71.71,0.4,,8.33,,,,27.7,19.4,231.5,1021.8,0.3,30,249.2,14.4,8,,2018-08-11T05:39:23,2018-08-11T20:30:59,0,Rain,Clear conditions throughout the day with rain clearing later.,rain,"03769099999,03680099999,D5621,03672099999,03781099999,AT055,03772099999,03770099999"
London,2018-08-12,22,16.5,18.9,22,16.5,18.8,13.7,73.1,0.6,,8.33,,,,,23.1,194.5,1011.3,0.5,26.2,113.7,6.5,2,,2018-08-12T05:40:58,2018-08-12T20:29:04,0.01,Rain,Clear conditions throughout the day with rain.,rain,"03769099999,03680099999,D5621,03672099999,03781099999,D4121,C7488,03772099999,03770099999"
London,2018-08-13,24.5,16.1,19.4,24.5,16.1,19.4,14.8,76.28,1.01,,8.33,,,,,18.4,272.1,1007.3,0.5,21.1,113.1,6.5,3,,2018-08-13T05:42:32,2018-08-13T20:27:08,0.03,Rain,Clear conditions throughout the day with rain.,rain,"03769099999,03680099999,D5621,03672099999,03781099999,D4121,D6143,03772099999,03770099999"
London,2018-08-14,25.1,14.5,19.6,25.1,14.5,19.6,12.8,66.02,0,,0,,,,,20.7,278.9,1015.8,0.3,31.7,151,12,5,,2018-08-14T05:44:07,2018-08-14T20:25:11,0.07,Clear,Clear conditions throughout the day.,clear-day,"03769099999,03680099999,D5621,03672099999,03781099999,D4121,AT055,03772099999,03770099999"
London,2018-08-15,24.6,15.6,19.8,24.6,15.6,19.7,14.1,70.1,0,,0,,,,,24.3,239.1,1017.5,0.5,26.4,158.6,13.7,5,,2018-08-15T05:45:42,2018-08-15T20:23:13,0.11,Clear,Clear conditions throughout the day.,clear-day,"03769099999,03680099999,D5621,03672099999,03781099999,AT055,03772099999,03770099999"
London,2018-08-16,19.1,14.5,17.4,19.1,14.5,17.4,14.3,82.37,15,,8.33,,,,,22.9,232.8,1014.2,0.5,19.2,104.8,9.1,2,,2018-08-16T05:47:17,2018-08-16T20:21:13,0.16,Rain,Clear conditions throughout the day with rain.,rain,"03769099999,03680099999,D5621,03672099999,03781099999,AT055,03772099999,03770099999"
London,2018-08-17,22.6,11.1,17.1,22.6,11.1,17,10.7,68.48,0.2,,4.17,,,,46.4,21.1,257.6,1019.5,0.2,26.3,192.1,16.6,5,,2018-08-17T05:48:52,2018-08-17T20:19:13,0.21,Rain,Clear conditions throughout the day with morning rain.,rain,"03769099999,03680099999,D5621,03672099999,03781099999,AT055,03772099999,03770099999"
London,2018-08-18,22,15.6,18.8,22,15.6,18.7,13.5,71.87,0,,0,,,,,19.8,235.3,1021,0.6,24.4,137.2,11.9,3,,2018-08-18T05:50:27,2018-08-18T20:17:11,0.26,Clear,Clear conditions throughout the day.,clear-day,"03769099999,03680099999,D5621,03672099999,03781099999,AT055,03772099999,03770099999"
London,2018-08-19,27.1,18.1,20.9,27.6,18.1,20.9,15.7,72.91,0,,0,,,,46.4,24.7,238.3,1018.8,0.5,25.4,97.8,6.3,2,,2018-08-19T05:52:03,2018-08-19T20:15:08,0.31,Clear,Clear conditions throughout the day.,clear-day,"03769099999,03680099999,D5621,03672099999,03781099999,D4121,AT055,03772099999,03770099999"
London,2018-08-20,25.1,17.9,21.6,25.1,17.9,21.6,16.1,71.11,0,,0,,,,31.7,17.2,262.8,1020,4,27.6,124.7,7.2,4,,2018-08-20T05:53:38,2018-08-20T20:13:05,0.35,Clear,Clear conditions throughout the day.,clear-day,"03769099999,03680099999,D5621,03672099999,03781099999,AT055,C7488,03772099999,03770099999"
London,2018-08-21,26,19,21.8,26,19,21.8,15.7,69.01,0,,0,,,,,16.1,238.9,1019.2,0.4,31.8,157.7,7.4,6,,2018-08-21T05:55:14,2018-08-21T20:11:00,0.4,Clear,Clear conditions throughout the day.,clear-day,"03769099999,03680099999,D5621,03672099999,03781099999,D6143,03772099999,03770099999"
London,2018-08-22,22.6,16,19,22.6,16,18.9,15.4,80.34,0.2,,4.17,,,,,16.4,241,1017.3,0.5,20.1,100.1,5.4,2,,2018-08-22T05:56:49,2018-08-22T20:08:54,0.43,Rain,Clear conditions throughout the day with afternoon rain.,rain,"03769099999,03680099999,D5621,03672099999,03781099999,03772099999,03770099999"
London,2018-08-23,21.6,16.6,19.3,21.6,16.6,19.3,14,72.57,1,,4.17,,,,,24.9,258,1013.1,0.5,26.3,105.5,5.7,3,,2018-08-23T05:58:25,2018-08-23T20:06:47,0.46,Rain,Clear conditions throughout the day with afternoon rain.,rain,"03769099999,03680099999,D5621,03672099999,03781099999,03772099999,03770099999"
London,2018-08-24,18.6,10.6,14.7,18.6,10.6,14.7,8.4,67.65,5.19,,8.33,,,,57.6,27.1,271.2,1013.7,0.3,30.3,193.4,10.4,6,,2018-08-24T06:00:01,2018-08-24T20:04:40,0.48,Rain,Clear conditions throughout the day with rain.,rain,"03769099999,03680099999,D5621,03672099999,03781099999,03772099999,03770099999"
London,2018-08-25,18.5,8.5,13.1,18.5,6.5,12.5,8,72.81,5.99,,12.5,,,,,16.4,256.5,1014.8,0.2,35.9,168.8,9.1,6,,2018-08-25T06:01:36,2018-08-25T20:02:32,0.5,Rain,Clear conditions throughout the day with rain.,rain,"03769099999,03680099999,D5621,03672099999,03781099999,03772099999,03770099999"
London,2018-08-26,17.6,10.5,14.2,17.6,10.5,14.1,11.8,86.31,12,,8.33,,,,50,26.6,203.3,1010.3,0.5,17.8,58.5,3.2,1,,2018-08-26T06:03:12,2018-08-26T20:00:22,0.5,Rain,Clear conditions throughout the day with rain.,rain,"03769099999,03680099999,D5621,03672099999,03781099999,03772099999,03770099999"
London,2018-08-27,18.6,13.6,16.8,18.6,13.6,16.8,11.8,73.18,0.6,,4.17,,,,,23.4,260.1,1011.6,0.5,31.7,138.3,7.5,4,,2018-08-27T06:04:48,2018-08-27T19:58:13,0.51,Rain,Clear conditions throughout the day with early morning rain.,rain,"03769099999,03680099999,D5621,03672099999,03781099999,AT055,03772099999,03770099999"
London,2018-08-28,20.6,15.1,17.5,20.6,15.1,17.4,10.9,66.18,0,,0,,,,,12.5,203.3,1017.4,0.6,32.3,111.9,6,2,,2018-08-28T06:06:23,2018-08-28T19:56:02,0.52,Clear,Clear conditions throughout the day.,clear-day,"03769099999,03680099999,D5621,03672099999,03781099999,AT055,03772099999,03770099999"
London,2018-08-29,19.6,14,16.3,19.6,14,16.3,12,77.03,7.24,,8.33,,,,,14.2,285.8,1015.7,0.5,22.8,90,4.5,3,,2018-08-29T06:07:59,2018-08-29T19:53:51,0.54,Rain,Clear conditions throughout the day with rain in the morning and afternoon.,rain,"03769099999,03680099999,D5621,03672099999,03781099999,03772099999,03770099999"
London,2018-08-30,19.6,11.5,16.2,19.6,11.5,16.1,8,59.82,0,,0,,,,,10.8,131.3,1023.1,0.3,29.1,198.3,10,6,,2018-08-30T06:09:35,2018-08-30T19:51:39,0.58,Clear,Clear conditions throughout the day.,clear-day,"03769099999,03680099999,D5621,03672099999,03781099999,03772099999,03770099999"
London,2018-08-31,21.1,12.5,16.9,21.1,12.5,16.8,11,70.02,0,,0,,,,31.7,12.7,89.9,1023.6,0.3,23.2,208.6,10.5,6,,2018-08-31T06:11:10,2018-08-31T19:49:26,0.62,Clear,Clear conditions throughout the day.,clear-day,"03769099999,03680099999,D5621,03672099999,03781099999,03772099999,03770099999"
London,2018-09-01,24.1,12.5,18,24.1,12.5,18,10.2,63.32,0,,0,,,,,15.4,151.6,1025.4,0,24.4,198.7,10.7,7,,2018-09-01T06:12:46,2018-09-01T19:47:13,0.67,Clear,Clear conditions throughout the day.,clear-day,"03769099999,03680099999,D5621,03672099999,03781099999,AT055,03772099999,03770099999"
London,2018-09-02,23.5,12.6,17.7,23.5,12.6,17.7,9.5,62.29,0,,0,,,,,12.1,119.5,1024.5,0,24.8,199.5,10.8,7,,2018-09-02T06:14:21,2018-09-02T19:44:59,0.72,Clear,Clear conditions throughout the day.,clear-day,"03769099999,03680099999,D5621,03672099999,03781099999,AT055,03772099999,03770099999"
London,2018-09-03,23.6,12,18,23.6,12,17.9,11.3,68.9,0,,0,,,,,10,115.4,1020.9,0.2,20.7,178.1,9.6,5,,2018-09-03T06:15:57,2018-09-03T19:42:45,0.78,Clear,Clear conditions throughout the day.,clear-day,"03769099999,03680099999,D5621,03672099999,03781099999,D4121,03772099999,03770099999"
London,2018-09-04,20.1,14.1,16.8,20.1,14.1,16.8,11.7,72.71,0,,0,,,,,15.8,33.6,1021,0.4,18.8,115.3,5.8,4,,2018-09-04T06:17:33,2018-09-04T19:40:30,0.83,Clear,Clear conditions throughout the day.,clear-day,"03769099999,03680099999,D5621,03672099999,03781099999,03772099999,03770099999"
London,2018-09-05,20.6,14.6,17.3,20.6,14.6,17.3,12,71.75,2.85,,8.33,,,,,15.5,31.8,1020.9,0.5,20,98.9,5,2,,2018-09-05T06:19:08,2018-09-05T19:38:15,0.88,Rain,Clear conditions throughout the day with rain in the morning and afternoon.,rain,"03769099999,03680099999,D5621,03672099999,03781099999,03772099999,03770099999"
London,2018-09-06,22,11.5,16.5,22,11.5,16.5,10.9,71.1,0.59,,4.17,,,,,19.1,303.9,1016.6,0.3,21.3,204.3,10.3,6,,2018-09-06T06:20:44,2018-09-06T19:36:00,0.93,Rain,Clear conditions throughout the day with late afternoon rain.,rain,"03769099999,03680099999,D5621,03672099999,03781099999,D4121,03772099999,03770099999"
London,2018-09-07,18.6,9.1,14.1,18.6,6.9,13.9,6.5,61.75,1.02,,4.17,,,,,25.1,278.7,1016.2,0.1,34.6,209.1,10.5,7,,2018-09-07T06:22:19,2018-09-07T19:33:44,0.97,Rain,Clear conditions throughout the day with early morning rain.,rain,"03769099999,03680099999,D5621,03672099999,03781099999,03772099999,03770099999"
London,2018-09-08,19.5,9.5,14.8,19.5,8.7,14.8,9.9,73.15,0.4,,4.17,,,,,21.6,231.7,1018.3,0.4,33.3,109.7,5.5,2,,2018-09-08T06:23:55,2018-09-08T19:31:27,0.99,Rain,Clear conditions throughout the day with afternoon rain.,rain,"03769099999,03680099999,D5621,03672099999,03781099999,AR120,03772099999,03770099999"
London,2018-09-09,23.1,15,18.4,23.1,15,18.3,12.4,69.53,0.2,,4.17,,,,,24.9,230,1018,0.4,30.6,105.8,5.3,2,,2018-09-09T06:25:30,2018-09-09T19:29:10,1,Rain,Clear conditions throughout the day with early morning rain.,rain,"03769099999,03680099999,D5621,03672099999,03781099999,03772099999,03770099999"
London,2018-09-10,21.1,14,17.3,21.1,14,17.3,11.5,70.01,0,,0,,,,,25,241.8,1021.2,0.4,27.8,174.4,8.8,4,,2018-09-10T06:27:06,2018-09-10T19:26:53,0,Clear,Clear conditions throughout the day.,clear-day,"03769099999,03680099999,D5621,03672099999,03781099999,D4121,03772099999,03770099999"
London,2018-09-11,21.6,16.6,19,21.6,16.6,19,15.3,79.03,0,,0,,,,46.4,26.1,231,1019.3,0.5,22.7,97.9,4.9,2,,2018-09-11T06:28:41,2018-09-11T19:24:36,0.02,Clear,Clear conditions throughout the day.,clear-day,"03769099999,03680099999,D5621,03672099999,03781099999,AT055,03772099999,03770099999"
London,2018-09-12,17,11.1,14.2,17,11.1,14.2,10.9,81.3,6.8,,12.5,,,,,14.2,164.8,1022.8,0.5,23.1,77.5,3.9,1,,2018-09-12T06:30:17,2018-09-12T19:22:18,0.05,Rain,Clear conditions throughout the day with a chance of rain throughout the day.,rain,"03769099999,03680099999,D5621,03672099999,03781099999,03772099999,03770099999"
London,2018-09-13,20,8,13.9,20,8,13.8,7.5,70.09,0.4,,8.33,,,,20.5,16.7,273.4,1023.2,0.1,23.9,181.8,9.2,6,,2018-09-13T06:31:53,2018-09-13T19:20:01,0.09,Rain,Clear conditions throughout the day with rain in the morning and afternoon.,rain,"03769099999,03680099999,D5621,03672099999,03781099999,AT055,03772099999,03770099999"
London,2018-09-14,18.1,10.5,14.2,18.1,10.5,14.2,9,71.53,0,,0,,,,,23.7,247.5,1021.1,0.4,33.6,143.9,7.3,4,,2018-09-14T06:33:28,2018-09-14T19:17:43,0.13,Clear,Clear conditions throughout the day.,clear-day,"03769099999,03680099999,D5621,03672099999,03781099999,D6143,03772099999,03770099999"
London,2018-09-15,21.1,11.1,15.7,21.1,11.1,15.7,10.4,73.55,1.2,,8.33,,,,,14.8,237.7,1023.4,2.6,19.9,198.5,9.3,5,,2018-09-15T06:35:04,2018-09-15T19:15:25,0.18,Rain,Clear conditions throughout the day with rain.,rain,"03769099999,03680099999,D5621,03672099999,03781099999,03772099999,03770099999"
London,2018-09-16,23.3,13.6,18.2,23.3,13.6,18.2,12.1,69.51,0.2,,4.55,,,,42.5,14.8,210.3,1018.5,0.3,28.4,134.6,6.8,5,,2018-09-16T06:36:40,2018-09-16T19:13:06,0.23,Rain,Clear conditions throughout the day with morning rain.,rain,"03769099999,03680099999,D5621,03672099999,03781099999,D4121,03772099999,03770099999"
London,2018-09-17,25,17.6,19.2,25,17.6,19.2,14.3,76.24,0,,0,,,,,9.4,206.8,1017,18.4,20.2,12.5,0.1,0,,2018-09-17T06:38:16,2018-09-17T19:10:48,0.28,Clear,Clear conditions throughout the day.,clear-day,"03769099999,03680099999,D5621,03672099999,03781099999,AR120,03772099999,03770099999"
London,2018-09-18,22.1,17.2,19.8,22.1,17.2,19.8,13.6,68.08,0,,0,,,,51.8,29.4,228.5,1010.8,0.4,24.3,96.8,2.1,2,,2018-09-18T06:39:51,2018-09-18T19:08:29,0.32,Clear,Clear conditions throughout the day.,clear-day,"03769099999,03680099999,D5621,03672099999,03781099999,03772099999,03770099999"
London,2018-09-19,22.1,17.6,19.5,22.1,17.6,19.4,14.4,72.81,0.79,,8.33,,,,67.5,36,219.8,1012.6,0.5,17.1,107.6,5,3,,2018-09-19T06:41:27,2018-09-19T19:06:11,0.37,Rain,Clear conditions throughout the day with rain in the morning and afternoon.,rain,"03769099999,03680099999,D5621,03672099999,03781099999,03772099999,03770099999"
London,2018-09-20,21,17.3,19.1,21,17.3,19.1,14.4,74.48,4.2,,16.67,,,,59.6,35.9,216.2,1010,0.5,15.7,76.9,3.6,2,,2018-09-20T06:43:04,2018-09-20T19:03:52,0.41,Rain,Clear conditions throughout the day with a chance of rain throughout the day.,rain,"03769099999,03680099999,D5621,03672099999,03781099999,03772099999,03770099999"
London,2018-09-21,19,11.1,14.5,19,11.1,14.5,8.3,66.82,4.81,,12.5,,,,79.3,39.3,252.9,1007.9,0.3,29.3,162.8,7.6,5,,2018-09-21T06:44:40,2018-09-21T19:01:34,0.44,Rain,Clear conditions throughout the day with rain.,rain,"03769099999,03680099999,D5621,03672099999,03781099999,03772099999,03770099999"
London,2018-09-22,13.1,10.6,11.6,13.1,10.6,11.6,9.1,84.91,6,,8.33,,,,,15.7,193.5,1017.9,0.5,15.5,59.6,2.8,1,,2018-09-22T06:46:16,2018-09-22T18:59:15,0.47,Rain,Clear conditions throughout the day with rain.,rain,"03769099999,03680099999,D5621,03672099999,03781099999,03772099999,03770099999"
London,2018-09-23,14.1,9.3,11.1,14.1,6.9,10.9,7.3,79.21,15.58,,8.33,,,,40.7,21.6,195.3,1018.9,0.5,19.8,66.9,2.9,2,,2018-09-23T06:47:53,2018-09-23T18:56:57,0.49,Rain,Clear conditions throughout the day with rain.,rain,"03769099999,03680099999,D5621,03672099999,03781099999,03772099999,03770099999"
London,2018-09-24,16,5.1,10.3,16,3.6,10,4.4,69.91,0.4,,8.33,,,,,14.1,251.1,1036.8,0.1,30.7,174.8,8.2,6,,2018-09-24T06:49:29,2018-09-24T18:54:39,0.5,Rain,Clear conditions throughout the day with rain in the morning and afternoon.,rain,"03769099999,03680099999,D5621,03672099999,03781099999,03772099999,03770099999"
London,2018-09-25,17.6,4.6,10.9,17.6,4.6,10.8,5.1,71.28,0,,0,,,,27.7,7.8,181.9,1038,0.1,30.1,160.2,7.5,5,,2018-09-25T06:51:06,2018-09-25T18:52:21,0.5,Clear,Clear conditions throughout the day.,clear-day,"03769099999,03680099999,D5621,03672099999,03781099999,03772099999,03770099999"
London,2018-09-26,22.5,6.8,13.8,22.5,6.8,13.7,7.1,68.43,0,,0,,,,,14.7,232.7,1032.9,0,27.9,151.3,7.1,6,,2018-09-26T06:52:43,2018-09-26T18:50:03,0.52,Clear,Clear conditions throughout the day.,clear-day,"03769099999,03680099999,D5621,03672099999,03781099999,03772099999,03770099999"
London,2018-09-27,23,9,15.4,23,9,15.4,8.4,67.92,0,,0,,,,,16.3,241.2,1026.9,0.1,24.9,151.2,7.1,6,,2018-09-27T06:54:20,2018-09-27T18:47:45,0.53,Clear,Clear conditions throughout the day.,clear-day,"03769099999,03680099999,D5621,03672099999,03781099999,03772099999,03770099999"
London,2018-09-28,17,10.6,14.3,17,10.6,14.2,6.7,61.83,0,,0,,,,,19.3,35.7,1029.6,0.3,30.3,142.8,6.7,5,,2018-09-28T06:55:58,2018-09-28T18:45:27,0.56,Clear,Clear conditions throughout the day.,clear-day,"03769099999,03680099999,D5621,03672099999,03781099999,D4121,03772099999,03770099999"
London,2018-09-29,18.1,6.3,11.8,18.1,6.3,11.8,5.8,68.83,0,,0,,,,55.4,6.3,143,1028.6,0.1,26.1,142.2,6.7,5,,2018-09-29T06:57:35,2018-09-29T18:43:10,0.6,Clear,Clear conditions throughout the day.,clear-day,"03769099999,03680099999,D5621,03672099999,03781099999,03772099999,03770099999"
London,2018-09-30,15.6,6,11.2,15.6,5.5,10.9,6,72.52,0,,0,,,,,14.4,296.7,1020.6,0.3,26.5,143.5,6.7,5,,2018-09-30T06:59:13,2018-09-30T18:40:53,0.65,Clear,Clear conditions throughout the day.,clear-day,"03769099999,03680099999,D5621,03672099999,03781099999,03772099999,03770099999"
London,2018-10-01,15.3,7.6,11.4,15.3,5.8,11.1,3.9,61.51,0,,0,,,,,18.3,311.6,1025.4,0.2,32.2,147.8,6.9,5,,2018-10-01T07:00:51,2018-10-01T18:38:36,0.7,Clear,Clear conditions throughout the day.,clear-day,"03769099999,03680099999,D5621,03672099999,03781099999,03772099999,03770099999"
London,2018-10-02,21,10.8,15.6,21,10.8,15.6,10.2,70.34,0,,0,,,,48.2,23.8,275.2,1021.1,0.6,31.8,97.4,4.2,3,,2018-10-02T07:02:29,2018-10-02T18:36:19,0.76,Clear,Clear conditions throughout the day.,clear-day,"03769099999,03680099999,D5621,03672099999,03781099999,03772099999,03770099999"
London,2018-10-03,18.6,11.7,15.2,18.6,11.7,15.2,10.8,75.67,0,,0,,,,,16.8,273,1026.7,0.4,34,67.5,3.2,2,,2018-10-03T07:04:07,2018-10-03T18:34:03,0.82,Clear,Clear conditions throughout the day.,clear-day,"03769099999,03680099999,D5621,03672099999,03781099999,C7488,03772099999,03770099999"
London,2018-10-04,17,10.6,13.4,17,10.6,13.3,11.5,88.68,0.2,,4.17,,,,,16.5,229.3,1024.9,0.5,12,74.7,3.2,2,,2018-10-04T07:05:46,2018-10-04T18:31:48,0.87,Rain,Clear conditions throughout the day with afternoon rain.,rain,"03769099999,03680099999,D5621,03672099999,03781099999,03772099999,03770099999"
London,2018-10-05,22,11.1,15.3,22,11.1,15.3,11.8,81.79,0.4,,8.33,,,,,10.9,189.5,1015.9,0.4,13.1,87.7,3.8,3,,2018-10-05T07:07:25,2018-10-05T18:29:32,0.92,Rain,Clear conditions throughout the day with rain in the morning and afternoon.,rain,"03769099999,03680099999,D5621,03672099999,03781099999,AR120,03772099999,03770099999"
London,2018-10-06,13,9.1,10.9,13,6,10.1,9.5,90.9,10.21,,12.5,,,,48.2,23,88.3,1011.5,0.5,11.7,21.5,0.9,0,,2018-10-06T07:09:04,2018-10-06T18:27:18,0.96,Rain,Clear conditions throughout the day with rain.,rain,"03769099999,03680099999,D5621,03672099999,03781099999,D6143,03772099999,03770099999"
London,2018-10-07,14.5,6.6,10,14.5,4.3,8.9,5,72.26,0.2,,4.17,,,,37.1,21.4,140.4,1022.2,0.2,30.9,139,6.5,5,,2018-10-07T07:10:44,2018-10-07T18:25:03,0.99,Rain,Clear conditions throughout the day with early morning rain.,rain,"03769099999,03680099999,D5621,03672099999,03781099999,D4121,03772099999,03770099999"
London,2018-10-08,16.1,7.6,11.8,16.1,6.6,11.5,7.2,74.18,0.2,,4.17,,,,,18.5,226.7,1021.5,0.4,32.5,82.5,3.9,2,,2018-10-08T07:12:24,2018-10-08T18:22:50,1,Rain,Clear conditions throughout the day with afternoon rain.,rain,"03769099999,03680099999,D5621,03672099999,03781099999,AR120,03772099999,03770099999"
London,2018-10-09,21.1,9.1,14.5,21.1,9.1,14.4,9.9,75.95,0,,0,,,,,19.1,188.5,1018.7,0.1,24.1,135,5.8,5,,2018-10-09T07:14:04,2018-10-09T18:20:37,0,Clear,Clear conditions throughout the day.,clear-day,"03769099999,03680099999,D5621,03672099999,03781099999,AR120,03772099999,03770099999"
London,2018-10-10,22.6,11.1,16,22.6,11.1,16,12.7,82.24,0.2,,4.17,,,,35.3,18.8,88.9,1012.7,0,13.1,128.7,5.6,5,,2018-10-10T07:15:44,2018-10-10T18:18:24,0.01,Rain,Clear conditions throughout the day with morning rain.,rain,"03769099999,03680099999,D5621,03672099999,03781099999,D4121,03772099999,03770099999"
London,2018-10-11,21.5,14.8,17.6,21.5,14.8,17.5,13.5,77.7,1.42,,4.17,,,,46.4,25.2,169.9,1004.6,0.4,22.6,133.7,5.3,4,,2018-10-11T07:17:25,2018-10-11T18:16:12,0.03,Rain,Clear conditions throughout the day with late afternoon rain.,rain,"03769099999,03680099999,D5621,03672099999,03781099999,03772099999,03770099999"
London,2018-10-12,21,14.6,18.3,21,14.6,18.3,12.1,68.53,0.41,,4.17,,,,63.9,34.7,193,1009.8,0.5,24.4,123.5,4.9,3,,2018-10-12T07:19:06,2018-10-12T18:14:01,0.06,Rain,Clear conditions throughout the day with early morning rain.,rain,"03769099999,03680099999,D5621,03672099999,03781099999,03772099999,03770099999"
London,2018-10-13,23.8,19.6,21.4,23.8,19.6,21.4,14.4,64.28,1.14,,8.33,,,,51.8,28.4,190.4,1009.8,0.4,29.4,108.8,4.3,3,,2018-10-13T07:20:47,2018-10-13T18:11:50,0.1,Rain,Clear conditions throughout the day with rain in the morning and afternoon.,rain,"03769099999,03680099999,D5621,03672099999,03781099999,03772099999,03770099999"
London,2018-10-14,20,10.6,14.2,20,10.6,14.1,12,87.4,10.26,,12.5,,,,42.5,19.5,112.5,1006.6,0.6,15.1,16.7,0.7,0,,2018-10-14T07:22:28,2018-10-14T18:09:41,0.14,Rain,Clear conditions throughout the day with rain.,rain,"03769099999,03680099999,D5621,03672099999,03781099999,03772099999,03770099999"
London,2018-10-15,14.5,10.8,13.1,14.5,10.8,13,12.3,94.8,19.24,,12.5,,,,,13.9,43.2,1010.9,0.6,6.4,30,1.2,1,,2018-10-15T07:24:10,2018-10-15T18:07:32,0.19,Rain,Clear conditions throughout the day with a chance of rain throughout the day.,rain,"03769099999,03680099999,D5621,03672099999,03781099999,03772099999,03770099999"
London,2018-10-16,21.3,14.1,16.5,21.3,14.1,16.4,13.6,83.88,0.6,,12.5,,,,24.1,19.1,168.7,1015.8,0.5,13.1,123.9,4.9,4,,2018-10-16T07:25:53,2018-10-16T18:05:23,0.24,Rain,Clear conditions throughout the day with rain.,rain,"03769099999,03680099999,D5621,03672099999,03781099999,D4121,03772099999,03770099999"
London,2018-10-17,15.1,11.5,13.7,15.1,11.5,13.6,12,89.74,1,,4.17,,,,,11.5,181.8,1019.6,0.5,12.9,42.4,1.7,1,,2018-10-17T07:27:35,2018-10-17T18:03:16,0.28,Rain,Clear conditions throughout the day with afternoon rain.,rain,"03769099999,03680099999,D5621,03672099999,03781099999,03772099999,03770099999"
London,2018-10-18,15.6,10,13,15.6,10,12.9,8.9,76.76,0.2,,4.17,,,,,15.6,41.1,1026.4,0.4,20.2,129.9,5.1,4,,2018-10-18T07:29:18,2018-10-18T18:01:10,0.33,Rain,Clear conditions throughout the day with early morning rain.,rain,"03769099999,03680099999,D5621,03672099999,03781099999,03772099999,03770099999"
London,2018-10-19,16.3,7.1,10.8,16.3,6.4,10.7,6.4,75.97,0.4,,8.33,,,,,5.4,162.8,1027,0.1,21.8,113.1,4.5,4,,2018-10-19T07:31:01,2018-10-19T17:59:04,0.37,Rain,Clear conditions throughout the day with rain in the morning and afternoon.,rain,"03769099999,03680099999,D5621,03672099999,03781099999,03772099999,03770099999"
London,2018-10-20,17.8,6.6,11.6,17.8,6.6,11.6,8.7,83.94,0,,0,,,,,10.8,247,1030.9,0.2,14.3,116.1,4.6,3,,2018-10-20T07:32:44,2018-10-20T17:57:00,0.41,Clear,Clear conditions throughout the day.,clear-day,"03769099999,03680099999,D5621,03672099999,03781099999,03772099999,03770099999"
London,2018-10-21,18.6,9,13.6,18.6,9,13.6,10.3,82.1,0.2,,4.17,,,,,18.6,259.2,1028.4,0.3,16.8,117.7,4.7,4,,2018-10-21T07:34:28,2018-10-21T17:54:56,0.45,Rain,Clear conditions throughout the day with morning rain.,rain,"03769099999,03680099999,D5621,03672099999,03781099999,03772099999,03770099999"
London,2018-10-22,13.6,7.5,10.8,13.6,7.1,10.5,4.4,65.63,0.77,,4.17,,,,,18.5,111.1,1036,0.1,28.9,149,5.9,4,,2018-10-22T07:36:12,2018-10-22T17:52:54,0.47,Rain,Clear conditions throughout the day with early morning rain.,rain,"03769099999,03680099999,D5621,03672099999,03781099999,D4121,03772099999,03770099999"
London,2018-10-23,16,5.5,10.8,16,3.4,10.3,6.4,75.55,0,,0,,,,,19.9,278.9,1031.4,2,23.5,96.6,3.8,3,,2018-10-23T07:37:56,2018-10-23T17:50:53,0.49,Clear,Clear conditions throughout the day.,clear-day,"03769099999,03680099999,D5621,03672099999,03781099999,03772099999,03770099999"
London,2018-10-24,18,10.6,13.5,18,10.6,13.5,9.8,79.47,0,,0,,,,,17.1,300.8,1028.6,0.2,21.4,105,4.2,3,,2018-10-24T07:39:41,2018-10-24T17:48:52,0.5,Clear,Clear conditions throughout the day.,clear-day,"03769099999,03680099999,D5621,03672099999,03781099999,03772099999,03770099999"
London,2018-10-25,14.6,6,10.1,14.6,4.9,9.6,6.8,80.83,0,,0,,,,,13.8,287.9,1022.4,0.4,17.2,115.5,4.6,3,,2018-10-25T07:41:26,2018-10-25T17:46:53,0.51,Clear,Clear conditions throughout the day.,clear-day,"03769099999,03680099999,D5621,03672099999,03781099999,03772099999,03770099999"
London,2018-10-26,11.6,6.1,9.6,11.6,3.3,8.5,4.7,72.14,0.8,,4.17,,,,46.4,23.9,286.5,1012.4,0.4,31.1,59.5,2.4,1,,2018-10-26T07:43:11,2018-10-26T17:44:56,0.52,Rain,Clear conditions throughout the day with afternoon rain.,rain,"03769099999,03680099999,D5621,03672099999,03781099999,03772099999,03770099999"
London,2018-10-27,7.5,4,5.5,4.5,0.7,2.4,0.9,72.71,1,,4.17,,,,44.6,20.5,221.9,1014.2,0.3,35.2,117.8,4.7,4,,2018-10-27T07:44:56,2018-10-27T17:42:59,0.55,Rain,Clear conditions throughout the day with late afternoon rain.,rain,"03769099999,03680099999,D5621,03672099999,03781099999,03772099999,03770099999"
London,2018-10-28,10.1,4.6,6.6,10.1,1.6,4.1,3.2,79.25,4.58,,12,,,,63,23.6,28,1017.8,0.3,30.2,75.3,3,2,,2018-10-28T06:46:41,2018-10-28T16:41:04,0.59,Rain,Clear conditions throughout the day with a chance of rain throughout the day.,rain,"03769099999,03680099999,D5621,03672099999,03781099999,03772099999,03770099999"
London,2018-10-29,9.1,3.1,6,8.8,0.3,3.4,1.5,74.2,0.4,,8.33,,,,,18.5,23.5,1007.6,0.1,31.7,129.2,5.1,4,,2018-10-29T06:48:27,2018-10-29T16:39:10,0.63,Rain,Clear conditions throughout the day with rain.,rain,"03769099999,03680099999,D5621,03672099999,03781099999,D4121,03772099999,03770099999"
London,2018-10-30,9.1,5.6,7.3,6.2,2.4,4.5,3.7,78.02,0.55,,8.33,,,,31.7,21.8,302.2,997.2,0.6,23.5,49,1.9,1,,2018-10-30T06:50:13,2018-10-30T16:37:18,0.69,Rain,Clear conditions throughout the day with rain in the morning and afternoon.,rain,"03769099999,03680099999,D5621,03672099999,03781099999,03772099999,03770099999"
London,2018-10-31,13.1,1.1,7.6,13.1,1.1,7.3,3.8,77.86,0.2,,4.17,,,,38.9,19.9,130.8,1006.9,0.2,23.5,116.2,4.6,3,,2018-10-31T06:51:59,2018-10-31T16:35:27,0.74,Rain,Clear conditions throughout the day with afternoon rain.,rain,"03769099999,03680099999,D5621,03672099999,03781099999,03772099999,03770099999"
London,2018-11-01,11.6,5.1,9.8,11.6,3.5,9.2,8.7,92.98,11.15,,16.67,,,,,16.5,220.7,1006.4,0.5,10,41.4,1.5,1,,2018-11-01T06:53:45,2018-11-01T16:33:38,0.8,Rain,Clear conditions throughout the day with a chance of rain throughout the day.,rain,"03769099999,03680099999,D5621,03672099999,03781099999,D4121,03772099999,03770099999"
London,2018-11-02,11.1,1.5,5.6,11.1,-0.3,4.4,2.5,81.66,0.4,,8.33,,,,,13.3,257.4,1024.1,0.1,23.5,110,4.4,4,,2018-11-02T06:55:31,2018-11-02T16:31:50,0.86,Rain,Clear conditions throughout the day with rain in the morning and afternoon.,rain,"03769099999,03680099999,D5621,03672099999,03781099999,03772099999,03770099999"
London,2018-11-03,14,6,9.5,14,4.3,8.4,4.6,72.17,0,,0,,,,48.2,28.2,180.8,1023,0.2,26.6,78.4,3.1,2,,2018-11-03T06:57:17,2018-11-03T16:30:04,0.9,Clear,Clear conditions throughout the day.,clear-day,"03769099999,03680099999,D5621,03672099999,03781099999,AR120,03772099999,03770099999"
London,2018-11-04,13.1,8,10.6,13.1,5.9,9.8,6.5,76.43,0,,0,,,,,17.2,154.6,1010.8,0.4,21.9,72.7,2.9,1,,2018-11-04T06:59:03,2018-11-04T16:28:19,0.95,Clear,Clear conditions throughout the day.,clear-day,"03769099999,03680099999,D5621,03672099999,03781099999,D4121,AR120,03772099999,03770099999"
London,2018-11-05,15,8.5,11.5,15,7.4,11,9.7,89.21,0.2,,4.17,,,,25.9,12.2,96.4,1004.1,0.4,7.5,68.7,2.5,1,,2018-11-05T07:00:49,2018-11-05T16:26:36,0.98,Rain,Clear conditions throughout the day with afternoon rain.,rain,"03769099999,03680099999,D5621,03672099999,03781099999,D4121,03772099999,03770099999"
London,2018-11-06,16,9.6,13,16,8.5,12.8,10.8,87.09,0.4,,8.33,,,,38.9,24.8,140.3,999.6,0.4,13.9,42.5,1.7,1,,2018-11-06T07:02:35,2018-11-06T16:24:55,1,Rain,Clear conditions throughout the day with rain.,rain,"03769099999,03680099999,D5621,03672099999,03781099999,D4121,03772099999,03770099999"
London,2018-11-07,14.6,9.1,12.4,14.6,6.2,12.3,9.7,83.89,13.98,,12.5,,,,56.8,31.7,182.7,998.1,0.5,18.3,62.7,2.3,1,,2018-11-07T07:04:21,2018-11-07T16:23:16,1,Rain,Clear conditions throughout the day with rain.,rain,"03769099999,03680099999,D5621,03672099999,03781099999,D6143,03772099999,03770099999"
London,2018-11-08,14.1,6.1,10.1,14.1,4.8,8.9,5.9,76.15,1,,12.5,,,,48.2,27.2,173.5,1013.9,0.1,23.9,91.3,3.6,2,,2018-11-08T07:06:07,2018-11-08T16:21:39,0,Rain,Clear conditions throughout the day with a chance of rain throughout the day.,rain,"03769099999,03680099999,D5621,03672099999,03781099999,D4121,03772099999,03770099999"
London,2018-11-09,13.1,7.6,10.5,13.1,5.6,9.8,8,84.63,0.6,,8.33,,,,54.5,31.1,149.6,1004.3,0.4,15.5,66,2.1,1,,2018-11-09T07:07:53,2018-11-09T16:20:03,0.02,Rain,Clear conditions throughout the day with rain.,rain,"03769099999,03680099999,D5621,03672099999,03781099999,03772099999,03770099999"
London,2018-11-10,14.6,9,11,14.6,7.4,10.5,9.5,90.77,25.18,,16.67,,,,50,24,193.8,994.3,0.4,11.4,80.4,2.6,2,,2018-11-10T07:09:38,2018-11-10T16:18:30,0.04,Rain,Clear conditions throughout the day with a chance of rain throughout the day.,rain,"03769099999,03680099999,D5621,03672099999,03781099999,03772099999,03770099999"
London,2018-11-11,13.6,8.6,10.7,13.6,7.1,10.1,7.8,83.15,16.97,,12.5,,,,42.5,24.3,198.8,999.4,0.3,21.5,82.8,3,2,,2018-11-11T07:11:23,2018-11-11T16:16:58,0.07,Rain,Clear conditions throughout the day with a chance of rain throughout the day.,rain,"03769099999,03680099999,D5621,03672099999,03781099999,D4121,03772099999,03770099999"
London,2018-11-12,14.6,9.5,11,14.6,8.6,10.9,8.9,87.44,11.52,,16.67,,,,,24.8,194.9,1009.4,0.3,18.5,66.4,2.2,2,,2018-11-12T07:13:08,2018-11-12T16:15:29,0.11,Rain,Clear conditions throughout the day with a chance of rain throughout the day.,rain,"03769099999,03680099999,D5621,03672099999,03781099999,03772099999,03770099999"
London,2018-11-13,13.6,8.6,10.7,13.6,6.4,10,7.2,79.61,4.42,,4.17,,,,,23.2,222.8,1020.5,0.1,21.4,102.1,3.3,3,,2018-11-13T07:14:52,2018-11-13T16:14:02,0.15,Rain,Clear conditions throughout the day with early morning rain.,rain,"03769099999,03680099999,D5621,03672099999,03781099999,03772099999,03770099999"
London,2018-11-14,14.6,9.1,11.6,14.6,8.2,11.5,8.6,82.58,0.2,,4.17,,,,,19.7,177.2,1022.3,0.3,19.9,89.4,3.2,3,,2018-11-14T07:16:36,2018-11-14T16:12:37,0.2,Rain,Clear conditions throughout the day with morning rain.,rain,"03769099999,03680099999,D5621,03672099999,03781099999,03772099999,03770099999"
London,2018-11-15,15,10.6,12.7,15,10.6,12.7,11.3,91.14,0.4,,8.33,,,,,14.6,148.8,1020.9,0.6,5.3,42.9,1.4,1,,2018-11-15T07:18:19,2018-11-15T16:11:14,0.25,Rain,Clear conditions throughout the day with rain in the morning and afternoon.,rain,"03769099999,03680099999,D5621,03672099999,03781099999,03772099999,03770099999"
London,2018-11-16,11.6,9.1,10.4,11.6,7.1,9.8,9.5,94.66,0.6,,12.5,,,,25.9,13.6,108.9,1025.1,0.5,2.8,20,0.6,0,,2018-11-16T07:20:02,2018-11-16T16:09:53,0.29,Rain,Clear conditions throughout the day with rain.,rain,"03769099999,03680099999,D5621,03672099999,03781099999,03772099999,03770099999"
London,2018-11-17,11.5,7.5,9.1,11.5,4.7,7.2,6.2,82.64,0.4,,8.33,,,,,20.2,83.7,1026.9,0.2,8.7,83.7,2.7,2,,2018-11-17T07:21:44,2018-11-17T16:08:35,0.34,Rain,Clear conditions throughout the day with rain clearing later.,rain,"03769099999,03680099999,D5621,03672099999,03781099999,03772099999,03770099999"
London,2018-11-18,11.1,6.1,8.4,11.1,3.5,6.7,3.8,73.69,0.4,,8.33,,,,46.4,23.8,64.3,1027,0,17.4,85.3,2.8,2,,2018-11-18T07:23:25,2018-11-18T16:07:20,0.38,Rain,Clear conditions throughout the day with rain in the morning and afternoon.,rain,"03769099999,03680099999,D5621,03672099999,03781099999,03772099999,03770099999"
London,2018-11-19,8.6,5,7.3,5.9,1,4.2,3,74.17,0.4,,8.33,,,,53.6,23,61,1020.4,0.5,27.4,62,2,1,,2018-11-19T07:25:06,2018-11-19T16:06:06,0.42,Rain,Clear conditions throughout the day with rain.,rain,"03769099999,03680099999,D5621,03672099999,03781099999,03772099999,03770099999"
London,2018-11-20,5.6,3,4.6,3,0.4,1.3,2.5,86.92,10.99,,16.67,,,,53.6,21.5,54.5,1008.7,0.6,14,17.3,0.6,0,,2018-11-20T07:26:46,2018-11-20T16:04:56,0.46,Rain,Clear conditions throughout the day with a chance of rain throughout the day.,rain,"03769099999,03680099999,D5621,03672099999,03781099999,D6143,03772099999,03770099999"
London,2018-11-21,7.1,2,4,4.2,-1.1,1.9,1.6,84.99,8.39,,12.5,,,,,18.8,116.7,1012.2,0.4,10.8,64.1,2.1,2,,2018-11-21T07:28:24,2018-11-21T16:03:47,0.48,Rain,Clear conditions throughout the day with a chance of rain throughout the day.,rain,"03769099999,03680099999,D5621,03672099999,03781099999,03772099999,03770099999"
London,2018-11-22,6.1,0.5,4.1,5.1,-0.4,3.1,2,86.28,0.2,,4.17,,,,,9.9,77.5,1017.7,0.4,4.8,23.2,0.8,0,,2018-11-22T07:30:02,2018-11-22T16:02:42,0.5,Rain,Clear conditions throughout the day with afternoon rain.,rain,"03769099999,03680099999,D5621,03672099999,03781099999,03772099999,03770099999"
London,2018-11-23,8.6,5.1,7.3,7,3.4,5.5,5.6,89.22,0.2,,4.17,,,,,13.6,84,1014,0.7,3.5,25.2,0.8,0,,2018-11-23T07:31:39,2018-11-23T16:01:39,0.5,Rain,Clear conditions throughout the day with morning rain.,rain,"03769099999,03680099999,D5621,03672099999,03781099999,03772099999,03770099999"
London,2018-11-24,9.6,8,8.7,7.4,5.7,6.5,6.1,83.52,0.8,,8.33,,,,,17.7,65.3,1009.8,0.7,6.8,26,0.8,1,,2018-11-24T07:33:14,2018-11-24T16:00:39,0.52,Rain,Clear conditions throughout the day with rain in the morning and afternoon.,rain,"03769099999,03680099999,D5621,03672099999,03781099999,03772099999,03770099999"
London,2018-11-25,8.6,5.6,7.5,6.5,3.5,5.1,4.1,78.79,1.86,,8.33,,,,,19.5,52.1,1010.6,0.6,11,35.1,1.1,1,,2018-11-25T07:34:48,2018-11-25T15:59:42,0.53,Rain,Clear conditions throughout the day with rain in the morning and afternoon.,rain,"03769099999,03680099999,D5621,03672099999,03781099999,03772099999,03770099999"
London,2018-11-26,8,5,7.1,6.5,2.9,5.1,3.9,79.95,0.2,,4.17,,,,,14.4,107.5,1013.6,0.5,15.7,34.9,1.1,1,,2018-11-26T07:36:21,2018-11-26T15:58:47,0.57,Rain,Clear conditions throughout the day with afternoon rain.,rain,"03769099999,03680099999,D5621,03672099999,03781099999,03772099999,03770099999"
London,2018-11-27,10.1,3.6,6.5,10.1,1.1,4.7,5.4,92.95,3.02,,4.17,,,,35.3,23.8,178.9,1013.8,0.5,5.2,36.7,1.2,1,,2018-11-27T07:37:53,2018-11-27T15:57:56,0.62,Rain,Clear conditions throughout the day with late afternoon rain.,rain,"03769099999,03680099999,D5621,03672099999,03781099999,AT055,03772099999,03770099999"
London,2018-11-28,13.6,9,12.2,13.6,7.9,12,10.9,91.51,3.81,,12.5,,,,61.2,33.1,197.8,1007.2,0.6,9.6,14.2,0.5,0,,2018-11-28T07:39:23,2018-11-28T15:57:07,0.67,Rain,Clear conditions throughout the day with a chance of rain throughout the day.,rain,"03769099999,03680099999,D5621,03672099999,03781099999,AT055,03772099999,03770099999"
London,2018-11-29,14,9.6,12.4,14,6.9,12.2,9.2,80.97,7.38,,16.67,,,,70.6,40.7,204.8,1001.8,0.5,17.2,39.7,1.3,1,,2018-11-29T07:40:51,2018-11-29T15:56:21,0.73,Rain,Clear conditions throughout the day with a chance of rain throughout the day.,rain,"03769099999,03680099999,D5621,03672099999,03781099999,03772099999,03770099999"
London,2018-11-30,11.6,7.1,9.3,11.6,4.8,7.9,5.7,78.36,4.4,,12.5,,,,,23.4,220,1007.1,1.7,20.1,71.9,2.1,2,,2018-11-30T07:42:18,2018-11-30T15:55:39,0.78,Rain,Clear conditions throughout the day with a chance of rain throughout the day.,rain,"03769099999,03680099999,D5621,03672099999,03781099999,03772099999,03770099999"
London,2018-12-01,13.1,7.1,10.6,13.1,5.1,9.8,8.5,87.43,5.01,,4.17,,,,44.6,23.7,202.6,1003.5,0.6,17.4,19.7,0.6,0,,2018-12-01T07:43:43,2018-12-01T15:54:59,0.84,Rain,Clear conditions throughout the day with afternoon rain.,rain,"03769099999,03680099999,D5621,03672099999,03781099999,AT055,03772099999,03770099999"
London,2018-12-02,15,11.6,13.8,15,11.6,13.7,11.7,87.29,5.56,,12.5,,,,50,25.6,232,997.4,0.6,25.8,41.7,1.4,1,,2018-12-02T07:45:06,2018-12-02T15:54:23,0.89,Rain,Clear conditions throughout the day with rain.,rain,"03769099999,03680099999,D5621,03672099999,03781099999,03772099999,03770099999"
London,2018-12-03,13.5,7,11.3,13.5,5.3,10.8,8.2,81.23,5.32,,12.5,,,,57.6,27.2,259.4,1001.2,0.4,20.7,51.2,1.7,1,,2018-12-03T07:46:27,2018-12-03T15:53:49,0.93,Rain,Clear conditions throughout the day with rain.,rain,"03769099999,03680099999,D5621,03672099999,03781099999,D4121,03772099999,03770099999"
London,2018-12-04,8.6,2.6,6.1,8.6,1.4,5.3,3.6,84.75,0.6,,12.5,,,,,10,228,1020.7,0.3,23.7,72.9,2.4,2,,2018-12-04T07:47:46,2018-12-04T15:53:19,0.96,Rain,Clear conditions throughout the day with a chance of rain throughout the day.,rain,"03769099999,03680099999,D5621,03672099999,03781099999,03772099999,03770099999"
London,2018-12-05,13,6.5,10.2,13,3.4,9.2,9.1,93.02,8.55,,16.67,,,,,20.8,172.6,1014.3,0.6,10.9,30.5,0.9,1,,2018-12-05T07:49:03,2018-12-05T15:52:53,0.99,Rain,Clear conditions throughout the day with a chance of rain throughout the day.,rain,"03769099999,03680099999,D5621,03672099999,03781099999,03772099999,03770099999"
London,2018-12-06,13.1,10.6,12.2,13.1,10.6,12.2,10.3,87.92,3.2,,12.5,,,,40.7,24.9,234.8,1013.7,0.6,22.7,25.7,0.8,1,,2018-12-06T07:50:18,2018-12-06T15:52:29,1,Rain,Clear conditions throughout the day with rain.,rain,"03769099999,03680099999,D5621,03672099999,03781099999,AT055,AR120,03772099999,03770099999"
London,2018-12-07,13.6,7,10.7,13.6,3,9.3,7.7,81.86,9.39,,12.5,,,,70.6,33.9,242,1004,0.4,20.6,21.3,0.7,0,,2018-12-07T07:51:31,2018-12-07T15:52:09,0,Rain,Clear conditions throughout the day with a chance of rain throughout the day.,rain,"03769099999,03680099999,D5621,03672099999,03781099999,AT055,03772099999,03770099999"
London,2018-12-08,11.6,7.6,9.9,11.6,3.6,7.6,5.8,75.96,1,,8.33,,,,66,39.4,253.4,1002.5,0.4,21,43.3,1.4,1,,2018-12-08T07:52:41,2018-12-08T15:51:52,0.01,Rain,Clear conditions throughout the day with rain.,rain,"03769099999,03680099999,D5621,03672099999,03781099999,03772099999,03770099999"
London,2018-12-09,11,6.1,9.4,11,3.4,7.7,5.2,75.29,1.21,,8.33,,,,57.9,38,283.5,1009.3,0.4,28.9,44.8,1.5,1,,2018-12-09T07:53:49,2018-12-09T15:51:38,0.02,Rain,Clear conditions throughout the day with rain.,rain,"03769099999,03680099999,D5621,03672099999,03781099999,03772099999,03770099999"
London,2018-12-10,9.1,5.5,7.7,7.9,2.5,5.6,4.7,81.62,0,,0,,,,,17.5,280.2,1026.6,0.5,26.9,44.3,1.4,1,,2018-12-10T07:54:54,2018-12-10T15:51:28,0.05,Clear,Clear conditions throughout the day.,clear-day,"03769099999,03680099999,D5621,03672099999,03781099999,D4121,03772099999,03770099999"
London,2018-12-11,10,3,5.9,10,1.9,5.1,4,88.15,0.2,,4.17,,,,,10.6,158.9,1025.2,0.1,13.1,58.2,1.9,1,,2018-12-11T07:55:57,2018-12-11T15:51:21,0.08,Rain,Clear conditions throughout the day with afternoon rain.,rain,"03769099999,03680099999,D5621,03672099999,03781099999,03772099999,03770099999"
London,2018-12-12,8.1,3.6,6.4,6.1,0.1,3.8,2.2,74.79,0.4,,4.17,,,,29.5,20.3,123,1021.8,0.4,18.4,53.3,1.5,1,,2018-12-12T07:56:57,2018-12-12T15:51:18,0.12,Rain,Clear conditions throughout the day with afternoon rain.,rain,"03769099999,03680099999,D5621,03672099999,03781099999,03772099999,03770099999"
London,2018-12-13,5.5,2.1,3.5,1.6,-2.2,0,-0.5,75.68,0.2,,4.17,,,,,22.7,98.3,1018.1,0.1,18.3,63.3,2.1,2,,2018-12-13T07:57:54,2018-12-13T15:51:18,0.16,Rain,Clear conditions throughout the day with afternoon rain.,rain,"03769099999,03680099999,D5621,03672099999,03781099999,03772099999,03770099999"
London,2018-12-14,4.1,2.1,3.2,4,-0.5,1.8,-2,68.51,0,,0,,,,29.5,13.8,124.5,1023,0.5,13.2,26.4,0.9,1,,2018-12-14T07:58:49,2018-12-14T15:51:21,0.2,Clear,Clear conditions throughout the day.,clear-day,"03769099999,03680099999,D5621,03672099999,03781099999,D4121,03772099999,03770099999"
London,2018-12-15,7,1.6,3.4,5,-3,-1.1,0,79.13,10.98,,4.17,,,,48.2,27.2,146.3,1012.6,0.6,11.7,25,0.7,0,,2018-12-15T07:59:41,2018-12-15T15:51:28,0.25,Rain,Clear conditions throughout the day with late afternoon rain.,rain,"03769099999,03680099999,D5621,03672099999,03781099999,AT055,03772099999,03770099999"
London,2018-12-16,9.1,3.1,6.9,8,1.5,4.8,5.3,89.62,1.86,,12.5,,,,,19.4,191.5,1006.1,0.3,16.5,52.3,1.7,1,,2018-12-16T08:00:29,2018-12-16T15:51:39,0.3,Rain,Clear conditions throughout the day with rain.,rain,"03769099999,03680099999,D5621,03672099999,03781099999,D4121,03772099999,03770099999"
London,2018-12-17,10,4.1,7.4,10,1.2,5.2,5.5,87.95,5.2,,8.33,,,,,18.2,223.2,1016.2,0.3,22.4,60.8,2,2,,2018-12-17T08:01:15,2018-12-17T15:51:52,0.35,Rain,Clear conditions throughout the day with rain.,rain,"03769099999,03680099999,D5621,03672099999,03781099999,03772099999,03770099999"
London,2018-12-18,11,8,9.9,11,4.9,9,6.8,81.27,2.01,,4.17,,,,48.9,30.2,181.8,1009.3,0.6,16.9,34.1,1,1,,2018-12-18T08:01:58,2018-12-18T15:52:09,0.39,Rain,Clear conditions throughout the day with late afternoon rain.,rain,"03769099999,03680099999,D5621,03672099999,03781099999,03772099999,03770099999"
London,2018-12-19,9.6,6.6,8.1,7.6,4.3,5.7,5.9,86.36,7.81,,16.67,,,,,16.9,202,1004.8,1.5,25.8,54.3,1.6,1,,2018-12-19T08:02:37,2018-12-19T15:52:30,0.43,Rain,Clear conditions throughout the day with a chance of rain throughout the day.,rain,"03769099999,03680099999,D5621,03672099999,03781099999,03772099999,03770099999"
London,2018-12-20,10.1,6.5,8.6,10.1,3.7,6.5,5.5,81.2,3.21,,16.67,,,,35.3,21.2,221.3,1006.2,0.4,23.1,56.3,1.8,2,,2018-12-20T08:03:14,2018-12-20T15:52:54,0.47,Rain,Clear conditions throughout the day with a chance of rain throughout the day.,rain,"03769099999,03680099999,D5621,03672099999,03781099999,AT055,03772099999,03770099999"
London,2018-12-21,13,9.1,11.5,13,7.4,11.4,8.3,81.61,6.41,,12.5,,,,79.6,40.6,232.5,1001.4,0.6,13.3,46.1,1.3,1,,2018-12-21T08:03:47,2018-12-21T15:53:21,0.49,Rain,Clear conditions throughout the day with a chance of rain throughout the day.,rain,"03769099999,03680099999,D5621,03672099999,03781099999,03772099999,03770099999"
London,2018-12-22,11.5,8,9.9,11.5,6.1,8.8,6.9,81.5,0.8,,4.17,,,,50.7,33,254.6,1015.5,0.3,20.7,53.9,1.7,1,,2018-12-22T08:04:17,2018-12-22T15:53:51,0.5,Rain,Clear conditions throughout the day with early morning rain.,rain,"03769099999,03680099999,D5621,03672099999,03781099999,D6143,03772099999,03770099999"
London,2018-12-23,13.1,7.1,9.4,13.1,5,8.2,8.1,91.61,3.6,,8.33,,,,,23.2,187.7,1017.9,0.6,14.4,24.3,0.7,1,,2018-12-23T08:04:44,2018-12-23T15:54:25,0.51,Rain,Clear conditions throughout the day with rain in the morning and afternoon.,rain,"03769099999,03680099999,D5621,03672099999,03781099999,03772099999,03770099999"
London,2018-12-24,8.1,3.6,6.1,7.7,3.6,5.6,4.1,86.86,2,,4.17,,,,,9.7,79,1031.9,0.3,11.2,55.2,1.8,1,,2018-12-24T08:05:08,2018-12-24T15:55:02,0.53,Rain,Clear conditions throughout the day with early morning rain.,rain,"03769099999,03680099999,D5621,03672099999,03781099999,D6143,03772099999,03770099999"
London,2018-12-25,8.6,1.6,5.8,8.1,0.6,5.1,4.3,90.9,0.6,,12.5,,,,25.9,7.3,142.5,1034.5,0.6,16.9,27.2,0.9,1,,2018-12-25T08:05:28,2018-12-25T15:55:43,0.55,Rain,Clear conditions throughout the day with a chance of rain throughout the day.,rain,"03769099999,03680099999,D5621,03672099999,03781099999,03772099999,03770099999"
London,2018-12-26,9.6,5.1,8,8.7,4.3,7.3,6.4,89.89,0.4,,8.33,,,,25.9,11.5,196.9,1030.7,0.6,10,27.6,0.9,1,,2018-12-26T08:05:45,2018-12-26T15:56:26,0.6,Rain,Clear conditions throughout the day with rain in the morning and afternoon.,rain,"03769099999,03680099999,D5621,03672099999,03781099999,AT055,03772099999,03770099999"
London,2018-12-27,8.6,4,5.4,8.6,3.7,5.3,4.5,94.25,0,,0,,,,,5,243.9,1026.6,0.3,4.7,55.4,1.8,1,,2018-12-27T08:05:58,2018-12-27T15:57:12,0.65,Clear,Clear conditions throughout the day.,clear-day,"03769099999,03680099999,D5621,03672099999,03781099999,AT055,03772099999,03770099999"
London,2018-12-28,10,6,8,10,6,7.4,5.7,86.31,0.2,,4.17,,,,,13.2,258.9,1030.5,0.6,14.1,30.1,0.9,0,,2018-12-28T08:06:08,2018-12-28T15:58:02,0.7,Rain,Clear conditions throughout the day with early morning rain.,rain,"03769099999,03680099999,D5621,03672099999,03781099999,03772099999,03770099999"
London,2018-12-29,12.5,7.6,10.1,12.5,6.9,9.1,8.1,87.75,0,,0,,,,48.2,28.3,259.3,1032.5,0.6,22.9,32.4,0.9,1,,2018-12-29T08:06:15,2018-12-29T15:58:55,0.76,Clear,Clear conditions throughout the day.,clear-day,"03769099999,03680099999,D5621,03672099999,03781099999,03772099999,03770099999"
London,2018-12-30,10.6,7,9.2,10.6,5.8,8.5,8.2,93.27,0.2,,4.17,,,,,15.4,268,1035.2,0.5,8.2,21.8,0.7,0,,2018-12-30T08:06:19,2018-12-30T15:59:50,0.81,Rain,Clear conditions throughout the day with morning rain.,rain,"03769099999,03680099999,D5621,03672099999,03781099999,AT055,03772099999,03770099999"
London,2018-12-31,10.1,8.2,8.8,10.1,5.9,7.1,6,83.03,0,,0,,,,,14.7,287.4,1035.8,85.9,30.7,23.3,0.7,0,,2018-12-31T08:06:19,2018-12-31T16:00:48,0.86,Partially cloudy,Partly cloudy throughout the day.,partly-cloudy-day,"03769099999,03680099999,D5621,03672099999,03781099999,03772099999,03770099999"
London,2019-01-01,11.1,6.5,8.9,11.1,4.3,7.3,4.4,73.94,0,,0,,,,,17.7,231.2,1035.6,4.3,35.5,47,1.5,1,,2019-01-01T08:06:15,2019-01-01T16:01:50,0.91,Clear,Clear conditions throughout the day.,clear-day,"03769099999,03680099999,D5621,03672099999,03781099999,AT055,03772099999,03770099999"
London,2019-01-02,6.6,5.1,5.8,5.2,3.1,4,0.5,68.75,0,,0,,,,,12.5,135.3,1043,0.6,26,49,1.6,1,,2019-01-02T08:06:09,2019-01-02T16:02:54,0.95,Clear,Clear conditions throughout the day.,clear-day,"03769099999,03680099999,D5621,03672099999,03781099999,AT055,03772099999,03770099999"
London,2019-01-03,5.6,4,5.2,5.1,3.2,4.4,-0.7,66.31,0,,0,,,,,8.1,119,1043.2,0.6,32.1,38.8,1.3,1,,2019-01-03T08:05:59,2019-01-03T16:04:00,0.97,Clear,Clear conditions throughout the day.,clear-day,"03769099999,03680099999,D5621,03672099999,03781099999,AT055,03772099999,03770099999"
London,2019-01-04,5,2.5,3.6,4.1,1.1,2.3,-1.4,69.84,0,,0,,,,,12.1,204.5,1042.3,0.5,13.6,68.6,2.2,2,,2019-01-04T08:05:45,2019-01-04T16:05:09,0.99,Clear,Clear conditions throughout the day.,clear-day,"03769099999,03680099999,D5621,03672099999,03781099999,AT055,03772099999,03770099999"
London,2019-01-05,6.1,4,5.2,4.7,1.4,3.1,0.9,73.84,0,,0,,,,,14.3,305.3,1039.1,0.7,18.2,20.3,0.6,0,,2019-01-05T08:05:29,2019-01-05T16:06:21,1,Clear,Clear conditions throughout the day.,clear-day,"03769099999,03680099999,D5621,03672099999,03781099999,03772099999,03770099999"
London,2019-01-06,10.1,5.6,7.8,10.1,4,6.5,4.3,78.52,0,,0,,,,,13.1,291.1,1036.8,0.7,19.4,46.9,1.3,1,,2019-01-06T08:05:09,2019-01-06T16:07:35,0,Clear,Clear conditions throughout the day.,clear-day,"03769099999,03680099999,D5621,03672099999,03781099999,03772099999,03770099999"
London,2019-01-07,11.1,8.1,9.6,11.1,6.1,8.8,6.7,81.74,0,,0,,,,45.5,26.2,261.1,1032.3,0.6,26.9,35.6,1.2,1,,2019-01-07T08:04:45,2019-01-07T16:08:52,0.01,Clear,Clear conditions throughout the day.,clear-day,"03769099999,03680099999,D5621,03672099999,03781099999,AT055,03772099999,03770099999"
London,2019-01-08,10,5.5,8,10,3.5,5.4,2,66.31,0,,0,,,,48.2,22,317.3,1028.1,0.1,24.9,66.3,2.1,2,,2019-01-08T08:04:19,2019-01-08T16:10:11,0.03,Clear,Clear conditions throughout the day.,clear-day,"03769099999,03680099999,D5621,03672099999,03781099999,AT055,03772099999,03770099999"
London,2019-01-09,6.5,3.6,4.8,3.3,0.4,1.7,0.5,73.88,0,,0,,,,,19.9,314.7,1029.6,0.3,27,57.3,1.9,1,,2019-01-09T08:03:49,2019-01-09T16:11:32,0.05,Clear,Clear conditions throughout the day.,clear-day,"03769099999,03680099999,D5621,03672099999,03781099999,D4121,03772099999,03770099999"
London,2019-01-10,5.7,2.6,4.1,4.1,0.1,2.2,1.5,83.14,0,,0,,,,,10.8,306.6,1030.6,0.6,8.6,31.6,1,1,,2019-01-10T08:03:16,2019-01-10T16:12:55,0.08,Clear,Clear conditions throughout the day.,clear-day,"03769099999,03680099999,D5621,03672099999,03781099999,AT055,03772099999,03770099999"
London,2019-01-11,9,6.6,7.9,7.5,5.2,6.5,4.5,79.09,1.03,,8.33,,,,,11.6,312.8,1030.2,0.6,12.2,47.7,1.5,1,,2019-01-11T08:02:40,2019-01-11T16:14:20,0.12,Rain,Clear conditions throughout the day with rain in the morning and afternoon.,rain,"03769099999,03680099999,D5621,03672099999,03781099999,AT055,03772099999,03770099999"
London,2019-01-12,10.5,7.5,9.1,10.5,5.3,6.9,5.3,77.57,0,,0,,,,50,24.9,269.9,1023.1,0.6,40.1,29.7,1,0,,2019-01-12T08:02:01,2019-01-12T16:15:47,0.16,Clear,Clear conditions throughout the day.,clear-day,"03769099999,03680099999,D5621,03672099999,03781099999,D4121,03772099999,03770099999"
London,2019-01-13,12,9.6,10.8,12,6.9,10.5,6.3,74.61,0.28,,4.17,,,,53.8,32.8,283.2,1014.3,0.6,37.9,63.4,1.8,1,,2019-01-13T08:01:19,2019-01-13T16:17:15,0.21,Rain,Clear conditions throughout the day with early morning rain.,rain,"03769099999,03680099999,03672099999,03781099999,D4121,03772099999,03770099999"
London,2019-01-14,9.6,6,8.4,7.1,3.7,5.9,2.9,68.12,0,,0,,,,46.4,25.1,299,1020.3,0.5,28.3,41.5,1.5,1,,2019-01-14T08:00:34,2019-01-14T16:18:46,0.26,Clear,Clear conditions throughout the day.,clear-day,"03769099999,03680099999,D5621,03672099999,03781099999,AT055,03772099999,03770099999"
London,2019-01-15,9.5,3.1,7,6.9,0.5,4.4,3.9,80.56,0,,0,,,,,22.1,238.7,1019.5,0.5,35.3,40.9,1.3,1,,2019-01-15T07:59:45,2019-01-15T16:20:18,0.31,Clear,Clear conditions throughout the day.,clear-day,"03769099999,03680099999,D5621,03672099999,03781099999,D4121,AT055,03772099999,03770099999"
London,2019-01-16,9.5,4.1,7.8,6.7,1.4,4.9,6.1,88.68,3.64,,12.5,,,,48.2,24.6,231.5,1006,0.6,18.4,23.9,0.7,0,,2019-01-16T07:58:54,2019-01-16T16:21:52,0.36,Rain,Clear conditions throughout the day with rain.,rain,"03769099999,03680099999,D5621,03672099999,03781099999,03772099999,03770099999"
London,2019-01-17,5.1,1.1,4,3.7,-2,1,-0.7,72.7,0.8,,12.5,,,,46.1,21.4,296.7,1011.3,0.3,30.8,69.1,2.5,2,,2019-01-17T07:58:00,2019-01-17T16:23:28,0.41,Rain,Clear conditions throughout the day with a chance of rain throughout the day.,rain,"03769099999,03680099999,D5621,03672099999,03781099999,AT055,03772099999,03770099999"
London,2019-01-18,7,-0.5,3.1,3.6,-2.2,0.8,-1.6,71.78,0,,0,,,,,21.2,163.5,1016.5,0.5,28.9,67.5,2.4,2,,2019-01-18T07:57:03,2019-01-18T16:25:04,0.45,Clear,Clear conditions throughout the day.,clear-day,"03769099999,03680099999,D5621,03672099999,03781099999,03772099999,03770099999"
London,2019-01-19,5.5,2.6,4.2,2.7,-0.6,1,0.8,78.12,0.2,,4.17,,,,29.5,18.5,128.2,1010,0.6,18.7,25.6,0.8,0,,2019-01-19T07:56:04,2019-01-19T16:26:42,0.48,Rain,Clear conditions throughout the day with afternoon rain.,rain,"03769099999,03680099999,D5621,03672099999,03781099999,AT055,03772099999,03770099999"
London,2019-01-20,5.5,0.6,2.9,3.3,-1,1.6,-1,76.05,0,,0,,,,,10.7,86.9,1017.9,0.2,12.1,70.9,2.6,2,,2019-01-20T07:55:02,2019-01-20T16:28:22,0.5,Clear,Clear conditions throughout the day.,clear-day,"03769099999,03680099999,D5621,03672099999,03781099999,03772099999,03770099999"
London,2019-01-21,6,-1,2.6,4.6,-1.4,1.1,-0.1,83.08,0.2,,4.17,,,,,19.2,228.3,1021.3,0.4,8.1,70.8,2.5,2,,2019-01-21T07:53:57,2019-01-21T16:30:02,0.5,Rain,Clear conditions throughout the day with afternoon rain.,rain,"03769099999,03680099999,D5621,03672099999,03781099999,03772099999,03770099999"
London,2019-01-22,6,1.1,3.6,3.3,-1.9,1.3,1.5,86.59,6.79,,8.33,,,1,40.7,22.2,234.7,1002.1,0.4,16.7,74.1,2.7,2,,2019-01-22T07:52:49,2019-01-22T16:31:44,0.52,Rain,Clear conditions throughout the day with rain.,rain,"03769099999,03680099999,D5621,03672099999,03781099999,D4121,D6143,03772099999,03770099999"
London,2019-01-23,2.6,-0.5,1.8,2.5,-1.7,-0.2,-0.8,83.04,4.57,,12.5,,,1,,14.9,333.8,1002.6,0.5,12.1,44.9,1.6,1,,2019-01-23T07:51:39,2019-01-23T16:33:27,0.54,Rain,Clear conditions throughout the day with rain.,rain,"03769099999,03680099999,D5621,03672099999,03781099999,D4121,D6143,03772099999,03770099999"
London,2019-01-24,5,-1.5,1.8,5,-1.5,1,0.5,91.54,1.3,,8.33,,,,,7.9,263.1,1011.7,0.6,7,31.2,1.1,1,,2019-01-24T07:50:26,2019-01-24T16:35:10,0.58,Rain,Clear conditions throughout the day with rain.,rain,"03769099999,03680099999,D5621,03672099999,03781099999,AR120,D6143,03772099999,03770099999"
London,2019-01-25,12.1,2.1,6.8,12.1,0.9,5.4,5.4,91.15,1.2,,8.33,,,,,19.9,245.7,1014,0.5,14.3,54,1.9,1,,2019-01-25T07:49:11,2019-01-25T16:36:55,0.63,Rain,Clear conditions throughout the day with rain in the morning and afternoon.,rain,"03769099999,03680099999,D5621,03672099999,03781099999,D6143,03772099999,03770099999"
London,2019-01-26,10.5,6.6,8.4,10.5,3.6,5.8,6.2,85.95,0.4,,4.17,,,,50,28.6,233.6,1002.6,0.5,27.2,49.6,1.8,1,,2019-01-26T07:47:54,2019-01-26T16:38:40,0.68,Rain,Clear conditions throughout the day with late afternoon rain.,rain,"03769099999,03680099999,D5621,03672099999,03781099999,03772099999,03770099999"
London,2019-01-27,8.5,4,6.1,5.5,-1.3,1.9,1.8,74.56,8.38,,12.5,,,,62.9,36.9,292.3,991.8,0.5,23.7,67.9,2.4,2,,2019-01-27T07:46:34,2019-01-27T16:40:26,0.73,Rain,Clear conditions throughout the day with a chance of rain throughout the day.,rain,"03769099999,D0265,03680099999,D5621,03672099999,03781099999,03772099999,03770099999"
London,2019-01-28,6,-0.7,3.2,2.3,-2.1,-0.3,-2.9,65.34,0,,0,,,,33.5,25,300.8,1005.8,0,35.8,92.7,3.3,3,,2019-01-28T07:45:12,2019-01-28T16:42:12,0.79,Clear,Clear conditions throughout the day.,clear-day,"03769099999,03680099999,D5621,03672099999,03781099999,03772099999,03770099999"
London,2019-01-29,6.5,-1,2.7,4.4,-2.7,0.5,-0.7,78.79,0.2,,4.17,,,,,14,210.1,1000,0.5,26.4,87,3.1,2,,2019-01-29T07:43:47,2019-01-29T16:44:00,0.84,Rain,Clear conditions throughout the day with late afternoon rain.,rain,"03769099999,03680099999,D5621,03672099999,03781099999,03772099999,03770099999"
London,2019-01-30,4.6,-1.2,1.7,3.5,-2.6,0,-1.1,82.47,5.94,,8.33,,,,,13.1,292.2,995.8,0.2,28.2,99.3,3.6,3,,2019-01-30T07:42:21,2019-01-30T16:45:47,0.88,Rain,Clear conditions throughout the day with rain.,rain,"03769099999,03680099999,D5621,03672099999,03781099999,03772099999,03770099999"
London,2019-01-31,4.1,-2.5,0.7,0.8,-4.4,-1.9,-1.7,85.21,0.4,,8.33,,,,48.2,25.5,136.3,991.5,0.3,15.9,95.8,3.4,3,,2019-01-31T07:40:52,2019-01-31T16:47:36,0.92,Rain,Clear conditions throughout the day with rain.,rain,"03769099999,03680099999,D5621,03672099999,03781099999,03772099999,03770099999"
London,2019-02-01,3,1.1,2,-0.9,-4.1,-2.6,0.8,91.43,10.39,,16.67,,,3,48.2,22.6,62.5,987.7,0.6,7.2,23,0.8,0,,2019-02-01T07:39:21,2019-02-01T16:49:24,0.95,Rain,Clear conditions throughout the day with a chance of rain throughout the day.,rain,"03769099999,03680099999,D5621,03672099999,03781099999,03772099999,03770099999"
London,2019-02-02,5,1.6,3.2,1.4,-2.5,-0.6,-0.5,77.08,11.76,,12.5,,,,37.1,20.5,281.2,1006.8,0.5,22.6,95.6,3.4,2,,2019-02-02T07:37:49,2019-02-02T16:51:13,0.98,Rain,Clear conditions throughout the day with a chance of rain throughout the day.,rain,"03769099999,03680099999,D5621,03672099999,03781099999,03772099999,03770099999"
London,2019-02-03,6,-2.2,2.5,2.9,-5.3,-0.1,-1.5,75.51,0,,0,,,,,19.3,254.2,1023,0.2,32.2,104,4.5,3,,2019-02-03T07:36:14,2019-02-03T16:53:02,1,Clear,Clear conditions throughout the day.,clear-day,"03769099999,03680099999,D5621,03672099999,03781099999,AT055,03772099999,03770099999"
London,2019-02-04,8.6,6.1,7.3,7.1,1.6,4.4,5.9,90.84,5.6,,8.33,,,,53.6,29.9,216.5,1018.7,0.6,11.7,21.9,0.8,0,,2019-02-04T07:34:37,2019-02-04T16:54:52,1,Rain,Clear conditions throughout the day with rain in the morning and afternoon.,rain,"03769099999,03680099999,D5621,03672099999,03781099999,D4121,03772099999,03770099999"
London,2019-02-05,8.5,6.1,7.1,7,2.5,4.9,5.9,92.41,0.6,,12.5,,,,,21.2,186.3,1023.2,0.6,6,40.1,1.4,1,,2019-02-05T07:32:59,2019-02-05T16:56:42,0,Rain,Clear conditions throughout the day with a chance of rain throughout the day.,rain,"03769099999,03680099999,D5621,03672099999,03781099999,D4121,03772099999,03770099999"
London,2019-02-06,11,7.6,9.3,11,5.4,7.9,7.7,89.86,4.41,,12.5,,,,,18.9,203.4,1016.5,0.6,12.6,74.9,2.7,1,,2019-02-06T07:31:19,2019-02-06T16:58:32,0.01,Rain,Clear conditions throughout the day with a chance of rain throughout the day.,rain,"03769099999,03680099999,D5621,03672099999,03781099999,03772099999,03770099999"
London,2019-02-07,10.1,6.5,8.2,10.1,2.1,4.6,3.4,72.45,3.21,,8.33,,,,69.5,40.6,238,1006.2,0.4,32.8,98.9,3.6,3,,2019-02-07T07:29:37,2019-02-07T17:00:22,0.03,Rain,Clear conditions throughout the day with rain.,rain,"03769099999,03680099999,D5621,03672099999,03781099999,03772099999,03770099999"
London,2019-02-08,11,8.1,9.6,11,5.1,7.7,7.2,84.99,4.58,,12.5,,,1,64.3,39.5,214.7,999.4,0.6,13.4,30.4,1.1,1,,2019-02-08T07:27:53,2019-02-08T17:02:12,0.06,Rain,Clear conditions throughout the day with rain.,rain,"03769099999,03680099999,D5621,03672099999,03781099999,03772099999,03770099999"
London,2019-02-09,10.5,7.1,8.5,10.5,2.4,5.3,3.3,69.85,1.2,,8.33,,,,68.3,42.3,235.3,1000.5,0.4,24.2,112.1,4,3,,2019-02-09T07:26:07,2019-02-09T17:04:02,0.09,Rain,Clear conditions throughout the day with rain.,rain,"03769099999,03680099999,D5621,03672099999,03781099999,03772099999,03770099999"
London,2019-02-10,7.6,4.1,6.2,5.6,0.5,3.1,3.5,83.09,3.2,,12.5,,,,55.1,27.3,252.1,997.8,0.4,30.9,57.3,2.1,1,,2019-02-10T07:24:20,2019-02-10T17:05:52,0.13,Rain,Clear conditions throughout the day with a chance of rain throughout the day.,rain,"03769099999,03680099999,D5621,03672099999,03781099999,03772099999,03770099999"
London,2019-02-11,9,2,6,8.1,-0.3,4.4,1.6,74.08,0,,0,,,,,16.6,287.9,1023.4,0.4,36.6,140.3,5.1,4,,2019-02-11T07:22:32,2019-02-11T17:07:42,0.18,Clear,Clear conditions throughout the day.,clear-day,"03769099999,03680099999,D5621,03672099999,03781099999,03772099999,03770099999"
London,2019-02-12,11.5,3.1,7.1,11.5,1.4,5.8,3.9,80.64,0.2,,4.17,,,,,19.1,231,1033.3,0.4,25.1,111.5,4,3,,2019-02-12T07:20:42,2019-02-12T17:09:32,0.23,Rain,Clear conditions throughout the day with afternoon rain.,rain,"03769099999,03680099999,D5621,03672099999,03781099999,03772099999,03770099999"
London,2019-02-13,12,4.5,8.2,12,2.4,6.6,5.2,82.24,0,,0,,,,,20.6,201.8,1033.2,0.4,14.8,114.7,4.1,2,,2019-02-13T07:18:50,2019-02-13T17:11:22,0.28,Clear,Clear conditions throughout the day.,clear-day,"03769099999,03680099999,D5621,03672099999,03781099999,03772099999,03770099999"
London,2019-02-14,14.6,2.5,7.3,14.6,1.2,6.6,3.2,78.33,0.2,,4.17,,,,51.8,12.5,161.5,1032,0.1,15.2,139.4,5.5,4,,2019-02-14T07:16:58,2019-02-14T17:13:12,0.33,Rain,Clear conditions throughout the day with afternoon rain.,rain,"03769099999,03680099999,D5621,03672099999,03781099999,D6143,03772099999,03770099999"
London,2019-02-15,15,1.6,7.7,15,-0.1,7.2,3.3,76.11,0.2,,4.17,,,,,13.9,164,1027.1,0,13.9,142.8,5.7,4,,2019-02-15T07:15:03,2019-02-15T17:15:02,0.38,Rain,Clear conditions throughout the day with afternoon rain.,rain,"03769099999,03680099999,D5621,03672099999,03781099999,AT055,03772099999,03770099999"
London,2019-02-16,12.1,4.6,9.2,12.1,2.8,8.4,7.4,88.57,0,,0,,,,,15.5,188.6,1022.8,0.5,5.8,55,2.2,1,,2019-02-16T07:13:08,2019-02-16T17:16:51,0.43,Clear,Clear conditions throughout the day.,clear-day,"03769099999,03680099999,D5621,03672099999,03781099999,AR120,03772099999,03770099999"
London,2019-02-17,14.6,5.5,9.8,14.6,3.2,8.8,6.6,81.78,0.2,,4.17,,,,46.4,23.2,180.4,1016.1,0.3,13.7,120,4.8,4,,2019-02-17T07:11:11,2019-02-17T17:18:41,0.47,Rain,Clear conditions throughout the day with morning rain.,rain,"03769099999,03680099999,D5621,03672099999,03781099999,AT055,03772099999,03770099999"
London,2019-02-18,11,6,8.6,11,3.6,6.8,6.4,86.18,4.54,,12.5,,,,,16.1,208,1015.5,0.5,18.5,35.5,1.4,1,,2019-02-18T07:09:13,2019-02-18T17:20:30,0.49,Rain,Clear conditions throughout the day with rain.,rain,"03769099999,03680099999,D5621,03672099999,03781099999,AR120,03772099999,03770099999"
London,2019-02-19,12,3.6,7.4,12,0.6,5.6,3.7,78.3,0.65,,12.5,,,,,20.9,235,1018.8,0.3,20.6,154.9,6.1,4,,2019-02-19T07:07:14,2019-02-19T17:22:19,0.5,Rain,Clear conditions throughout the day with a chance of rain throughout the day.,rain,"03769099999,03680099999,D5621,03672099999,03781099999,D4121,03772099999,03770099999"
London,2019-02-20,12.1,7,9.1,12.1,4.5,7.5,5.4,77.86,0,,0,,,,,24.2,212.7,1020.1,0.4,21.4,136.9,5.9,4,,2019-02-20T07:05:13,2019-02-20T17:24:07,0.51,Clear,Clear conditions throughout the day.,clear-day,"03769099999,03680099999,D5621,03672099999,03781099999,AT055,03772099999,03770099999"
London,2019-02-21,15,7.1,10.4,15,5.7,9.6,7.3,81.75,0,,0,,,,,17.6,221.8,1026.4,0.4,15.3,93.5,4,3,,2019-02-21T07:03:12,2019-02-21T17:25:56,0.53,Clear,Clear conditions throughout the day.,clear-day,"03769099999,03680099999,D5621,03672099999,03781099999,AT055,03772099999,03770099999"
London,2019-02-22,16.1,6.6,9.6,16.1,5.2,9,6.7,83.46,0.2,,4.17,,,,37.1,11,170.5,1034.6,0.2,11.8,119.6,5.2,3,,2019-02-22T07:01:09,2019-02-22T17:27:44,0.56,Rain,Clear conditions throughout the day with morning rain.,rain,"03769099999,03680099999,D5621,03672099999,03781099999,AR120,D6143,03772099999,03770099999"
London,2019-02-23,17,7,10.4,17,4.7,9.7,6.9,81.06,0.4,,8.33,,,,57.6,13.2,130.9,1033.9,0.2,10.1,107.3,4.6,4,,2019-02-23T06:59:06,2019-02-23T17:29:32,0.6,Rain,Clear conditions throughout the day with rain in the morning and afternoon.,rain,"03769099999,03680099999,D5621,03672099999,03781099999,AR120,D6143,03772099999,03770099999"
London,2019-02-24,15.7,4.6,9.3,15.7,4.6,9.2,4.3,73.06,0.2,,4.17,,,,,9.6,104.3,1035.6,0.1,16.2,144.3,6.2,4,,2019-02-24T06:57:01,2019-02-24T17:31:20,0.65,Rain,Clear conditions throughout the day with morning rain.,rain,"03769099999,03680099999,D5621,03672099999,03781099999,03772099999,03770099999"
London,2019-02-25,19.1,4.6,10.3,19.1,4.3,10.1,2.3,62.3,0,,0,,,,5.4,11.4,101.3,1036.2,0,20.3,143,6.2,4,,2019-02-25T06:54:56,2019-02-25T17:33:07,0.7,Clear,Clear conditions throughout the day.,clear-day,"03769099999,03680099999,D5621,03672099999,03781099999,03772099999,03770099999"
London,2019-02-26,19.6,4.1,10.8,19.6,4.1,10.7,4.2,65.8,0,,0,,,,37.1,11.5,91.8,1032.5,0,18.6,146.6,6.3,4,,2019-02-26T06:52:50,2019-02-26T17:34:54,0.76,Clear,Clear conditions throughout the day.,clear-day,"03769099999,03680099999,D5621,03672099999,03781099999,03772099999,03770099999"
London,2019-02-27,18.5,3.6,10.6,18.5,3.6,10.5,5.6,74.32,0.2,,4.17,,,,,11.8,215.8,1024.9,0,10.6,147.3,6.4,4,,2019-02-27T06:50:42,2019-02-27T17:36:41,0.81,Rain,Clear conditions throughout the day with afternoon rain.,rain,"03769099999,03680099999,D5621,03672099999,03781099999,03772099999,03770099999"
London,2019-02-28,12.5,6,9.8,12.5,4.2,9.2,7.6,86.15,1.41,,8.33,,,,46.4,26.3,248.3,1016,0.5,16.1,87.3,3.8,2,,2019-02-28T06:48:34,2019-02-28T17:38:28,0.85,Rain,Clear conditions throughout the day with rain.,rain,"03769099999,03680099999,D5621,03672099999,03781099999,03772099999,03770099999"
London,2019-03-01,11.1,8.1,9.8,11.1,6.2,8.7,6.5,80.07,1.99,,4.17,,,,,14.2,266.9,1018.1,0.6,12.1,51.8,2.2,2,,2019-03-01T06:46:26,2019-03-01T17:40:14,0.89,Rain,Clear conditions throughout the day with early morning rain.,rain,"03769099999,03680099999,D5621,03672099999,03781099999,D4121,03772099999,03770099999"
London,2019-03-02,14.1,8.1,11,14.1,6.3,10.3,7.8,81.25,0.89,,8.33,,,,52.2,32.7,215.7,1010.2,0.6,17.9,80.9,3.5,3,,2019-03-02T06:44:16,2019-03-02T17:42:00,0.93,Rain,Clear conditions throughout the day with rain in the morning and afternoon.,rain,"03769099999,03680099999,D5621,03672099999,03781099999,AT055,03772099999,03770099999"
London,2019-03-03,12.5,9.6,11.2,12.5,6.3,10.9,8.6,84.14,6.76,,16.67,,,,73,39.6,223.8,998.4,0.6,13.7,37.4,1.6,1,,2019-03-03T06:42:06,2019-03-03T17:43:46,0.96,Rain,Clear conditions throughout the day with a chance of rain throughout the day.,rain,"03769099999,03680099999,D5621,03672099999,03781099999,AT055,03772099999,03770099999"
London,2019-03-04,10.1,4.6,7.2,10.1,0.7,4,3.1,75.98,7.21,,16.67,,,,65.6,34.4,256.6,994.4,0.4,36.2,118.4,5.1,3,,2019-03-04T06:39:55,2019-03-04T17:45:31,0.98,Rain,Clear conditions throughout the day with a chance of rain throughout the day.,rain,"03769099999,03680099999,D5621,03672099999,03781099999,03772099999,03770099999"
London,2019-03-05,11.5,4,7.9,11.5,0.9,6.2,3.7,75.47,0.4,,8.33,,,,,24.8,216.9,1002.5,0.3,36.5,160.2,6.9,4,,2019-03-05T06:37:44,2019-03-05T17:47:16,1,Rain,Clear conditions throughout the day with rain.,rain,"03769099999,03680099999,D5621,03672099999,03781099999,03772099999,03770099999"
London,2019-03-06,12.6,9.1,11,12.6,6.1,10.3,8,81.76,7.61,,16.67,,,,50.7,30.1,193.4,989.9,0.6,17.4,59.1,2.6,1,,2019-03-06T06:35:32,2019-03-06T17:49:01,1,Rain,Clear conditions throughout the day with a chance of rain throughout the day.,rain,"03769099999,03680099999,D5621,03672099999,03781099999,AR120,03772099999,03770099999"
London,2019-03-07,12,6.1,8.6,12,2.1,5.5,3.8,73,0.8,,8.33,,,,87.9,49.6,256.9,992.6,0.4,35.7,139.3,6,4,,2019-03-07T06:33:19,2019-03-07T17:50:46,0,Rain,Clear conditions throughout the day with rain.,rain,"03769099999,03680099999,D5621,03672099999,03781099999,03772099999,03770099999"
London,2019-03-08,10.1,4.1,7.7,10.1,1.3,5.3,4.3,79.99,0.8,,8.33,,,,50.5,25.8,244.4,1009.8,0.3,25.9,126.9,5.5,4,,2019-03-08T06:31:06,2019-03-08T17:52:30,0.02,Rain,Clear conditions throughout the day with rain.,rain,"03769099999,03680099999,D5621,03672099999,03772099999,03770099999"
London,2019-03-09,14.1,7.6,9.8,14.1,5.1,8.3,4.1,69.55,1,,4.17,,,,67.9,41.2,255,1012.3,0.4,21.9,128.1,5.5,4,,2019-03-09T06:28:52,2019-03-09T17:54:14,0.04,Rain,Clear conditions throughout the day with early morning rain.,rain,"03769099999,03680099999,D5621,03672099999,03772099999,03770099999"
London,2019-03-10,10.6,2.6,7.6,10.6,-2,5.1,2.7,74.49,9.71,,16.67,,,,86.3,51.6,233,1009.1,0.3,29.3,130.1,5.6,4,,2019-03-10T06:26:38,2019-03-10T17:55:58,0.07,Rain,Clear conditions throughout the day with a chance of rain throughout the day.,rain,"03769099999,03680099999,D5621,03672099999,03772099999,03770099999"
London,2019-03-11,11.1,3.2,7.1,11.1,-1.7,4.2,-0.2,60.95,3,,4.17,,,,54.6,30.9,268.7,1022.9,0.2,36.5,198.3,8.6,5,,2019-03-11T06:24:24,2019-03-11T17:57:42,0.1,Rain,Clear conditions throughout the day with early morning rain.,rain,"03769099999,03680099999,D5621,03672099999,03781099999,03772099999,03770099999"
London,2019-03-12,9.5,4.5,7.4,5.8,0.3,3.3,4.7,83.48,9.29,,12.5,,,,64.3,38.6,231.7,1007.1,0.5,19.4,45.1,1.9,1,,2019-03-12T06:22:09,2019-03-12T17:59:25,0.14,Rain,Clear conditions throughout the day with rain.,rain,"03769099999,03680099999,D5621,03672099999,03781099999,03772099999,03770099999"
London,2019-03-13,11.5,6,8.9,11.5,1.2,6.1,2.2,63.59,0.6,,12.5,,,,65.9,41,270.2,1008,0.5,25.4,121.9,5.3,3,,2019-03-13T06:19:54,2019-03-13T18:01:08,0.2,Rain,Clear conditions throughout the day with rain.,rain,"03769099999,03680099999,D5621,03672099999,03781099999,03772099999,03770099999"
London,2019-03-14,15.1,7.1,10.5,15.1,3.4,9.1,5.4,72.2,7.62,,12.5,,,,78.4,41.6,268,1006.2,0.5,25.1,134.1,5.8,4,,2019-03-14T06:17:38,2019-03-14T18:02:51,0.25,Rain,Clear conditions throughout the day with rain.,rain,"03769099999,03680099999,D5621,03672099999,03781099999,03772099999,03770099999"
London,2019-03-15,14.6,9.5,12.4,14.6,7.2,12.2,8.9,79.47,5.09,,12.5,,,,77.8,46.5,261.7,1007.3,0.6,28.6,111.2,4.8,2,,2019-03-15T06:15:23,2019-03-15T18:04:34,0.31,Rain,Clear conditions throughout the day with rain.,rain,"03769099999,03680099999,D5621,03672099999,03781099999,03772099999,03770099999"
London,2019-03-16,12.1,8.6,11,12.1,4.8,10.5,7.6,79.86,2.13,,13.04,,,,74.8,42.4,233.2,1002.4,0.6,19,71.3,2.8,2,,2019-03-16T06:13:06,2019-03-16T18:06:16,0.36,Rain,Clear conditions throughout the day with rain.,rain,"03769099999,03680099999,D5621,03672099999,03781099999,03772099999,03770099999"
London,2019-03-17,9.6,5,7,6.1,1.5,3.5,2.3,73.39,6,,8.33,,,,63.9,33,273.8,1005.3,0.3,42,118.5,5.5,3,,2019-03-17T06:10:50,2019-03-17T18:07:59,0.41,Rain,Clear conditions throughout the day with rain.,rain,"03769099999,03680099999,D5621,03672099999,03781099999,AT055,03772099999,03770099999"
London,2019-03-18,11.1,4.1,7.2,11.1,0.9,5.5,3,75.47,0.6,,4.17,,,,,16.9,269.7,1020.5,0.4,34.8,151.8,7.1,3,,2019-03-18T06:08:34,2019-03-18T18:09:41,0.45,Rain,Clear conditions throughout the day with late afternoon rain.,rain,"03769099999,03680099999,D5621,03672099999,03781099999,D4121,03772099999,03770099999"
London,2019-03-19,12.6,6.1,9.5,12.6,5.2,9,6.9,84.37,0.8,,8.33,,,,,15.4,228.7,1027.3,0.6,20.3,121.8,5.7,3,,2019-03-19T06:06:17,2019-03-19T18:11:23,0.48,Rain,Clear conditions throughout the day with rain in the morning and afternoon.,rain,"03769099999,03680099999,D5621,03672099999,03781099999,03772099999,03770099999"
London,2019-03-20,13,9.6,11.1,13,8.3,10.9,7.8,80.33,0,,0,,,,,15.4,244.5,1032.3,0.7,30.8,74.1,3.2,1,,2019-03-20T06:04:00,2019-03-20T18:13:04,0.5,Clear,Clear conditions throughout the day.,clear-day,"03769099999,03680099999,D5621,03672099999,03781099999,03772099999,03770099999"
London,2019-03-21,14.1,9.6,11.8,14.1,7.7,11.4,8.3,79.35,0,,0,,,,,13.9,249.4,1033,0.7,26.9,121.8,5.3,3,,2019-03-21T06:01:43,2019-03-21T18:14:46,0.5,Clear,Clear conditions throughout the day.,clear-day,"03769099999,03680099999,D5621,03672099999,03781099999,03772099999,03770099999"
London,2019-03-22,11.6,9,10.2,11.6,6.9,9.5,6.8,79.3,0,,0,,,,,14.8,222,1028.9,0.7,17.3,54.6,2.4,1,,2019-03-22T05:59:26,2019-03-22T18:16:28,0.52,Clear,Clear conditions throughout the day.,clear-day,"03769099999,03680099999,D5621,03672099999,03781099999,03772099999,03770099999"
London,2019-03-23,13.5,7,10.3,13.5,5.8,9.7,4.9,70.56,0.2,,4.17,,,,,14.4,131.1,1031.4,0.5,20.9,110.6,5.6,3,,2019-03-23T05:57:09,2019-03-23T18:18:09,0.54,Rain,Clear conditions throughout the day with afternoon rain.,rain,"03769099999,03680099999,D5621,03672099999,03781099999,AR120,AT055,03772099999,03770099999"
London,2019-03-24,14.6,4.6,9.2,14.6,4.6,8.9,2,63.8,0,,0,,,,,20.3,245.2,1030.6,0.1,26.7,250,12.6,6,,2019-03-24T05:54:52,2019-03-24T18:19:50,0.58,Clear,Clear conditions throughout the day.,clear-day,"03769099999,03680099999,D5621,03672099999,03781099999,D4121,03772099999,03770099999"
London,2019-03-25,13,6.5,9.3,13,3.8,8.2,1.3,58.44,0.2,,4.17,,,,,22.9,188.3,1031.3,0.1,32,206.9,10.4,5,,2019-03-25T05:52:35,2019-03-25T18:21:31,0.62,Rain,Clear conditions throughout the day with morning rain.,rain,"03769099999,03680099999,D5621,03672099999,03781099999,D4121,03772099999,03770099999"
London,2019-03-26,13.5,3.1,8.3,13.5,2.3,7.7,2.2,67.22,0,,0,,,,,14.7,271.7,1032.6,0.2,25.4,212.1,10.7,6,,2019-03-26T05:50:18,2019-03-26T18:23:12,0.67,Clear,Clear conditions throughout the day.,clear-day,"03769099999,03680099999,D5621,03672099999,03781099999,D4121,03772099999,03770099999"
London,2019-03-27,12.6,6.1,10.2,12.6,5.4,9.9,2.9,61.24,0,,0,,,,,12.4,226.8,1034.2,0.5,32.6,98.9,5,2,,2019-03-27T05:48:01,2019-03-27T18:24:53,0.72,Clear,Clear conditions throughout the day.,clear-day,"03769099999,03680099999,D5621,03672099999,03781099999,D4121,03772099999,03770099999"
London,2019-03-28,15.1,8.1,11.4,15.1,7.2,11.2,3.4,58.72,0,,0,,,,24.1,12.3,196.7,1035.1,0.4,22.3,225.2,11.4,5,,2019-03-28T05:45:45,2019-03-28T18:26:34,0.77,Clear,Clear conditions throughout the day.,clear-day,"03769099999,03680099999,03672099999,03781099999,D4121,03772099999,03770099999"
London,2019-03-29,17.5,4,10.9,17.5,4,10.7,4.6,67.52,0,,0,,,,,10.8,175.6,1029.1,0,17.9,338.8,17.1,7,,2019-03-29T05:43:28,2019-03-29T18:28:15,0.82,Clear,Clear conditions throughout the day.,clear-day,"03769099999,03680099999,D5621,03672099999,03781099999,D4121,03772099999,03770099999"
London,2019-03-30,18.6,6.6,13.1,18.6,6.6,13.1,6.1,66.07,0,,0,,,,,13.2,160.4,1021.3,0.2,10.9,315.1,15.9,6,,2019-03-30T05:41:11,2019-03-30T18:29:56,0.86,Clear,Clear conditions throughout the day.,clear-day,"03769099999,03680099999,D5621,03672099999,03781099999,D4121,03772099999,03770099999"
London,2019-03-31,12.6,6.5,9.9,12.6,3.3,8.5,4.4,68.95,0.4,,4.35,,,,46.4,24.5,62,1024.3,0.4,19.7,185.1,9.3,5,,2019-03-31T06:38:55,2019-03-31T19:31:36,0.9,Rain,Clear conditions throughout the day with afternoon rain.,rain,"03769099999,03680099999,D5621,03672099999,03781099999,D4121,03772099999,03770099999"
London,2019-04-01,14.1,4.6,8.8,14.1,1.9,7.5,2.9,68.01,0,,0,,,,37.1,17.6,68.7,1019.6,0.2,21.8,350.2,17.7,7,,2019-04-01T06:36:39,2019-04-01T19:33:17,0.94,Clear,Clear conditions throughout the day.,clear-day,"03769099999,03680099999,03672099999,03781099999,D4121,03772099999,03770099999"
London,2019-04-02,8.6,3.6,6.3,6.9,1.3,4.7,4,85.16,0.61,,4.17,,,,31.7,20.1,253.7,1004.9,0.4,22.6,115.4,5.8,3,,2019-04-02T06:34:23,2019-04-02T19:34:57,0.97,Rain,Clear conditions throughout the day with afternoon rain.,rain,"03769099999,03680099999,03672099999,03781099999,D4121,03772099999,03770099999"
London,2019-04-03,9.1,3.1,5.6,7.8,2.4,4.6,1,73.46,1.2,,8.33,,,,,17.1,258.3,999,0.3,23.5,244.7,12.3,7,,2019-04-03T06:32:08,2019-04-03T19:36:38,0.99,Rain,Clear conditions throughout the day with rain.,rain,"03769099999,03680099999,03672099999,03781099999,D4121,03772099999,03770099999"
London,2019-04-04,10.1,2.5,6.3,10.1,-0.8,3.4,2.1,74.87,1.01,,8.33,,,,53.4,30.7,151.3,995.2,0.5,31.7,165.1,8.3,3,,2019-04-04T06:29:53,2019-04-04T19:38:18,1,Rain,Clear conditions throughout the day with rain in the morning and afternoon.,rain,"03769099999,03680099999,03672099999,03781099999,D4121,03772099999,03770099999"
London,2019-04-05,13.6,7.1,9.9,13.6,3.7,8.5,2.1,59.84,0.63,,4.17,,,,46.4,24.4,123.6,1001.8,2.8,39.3,222.6,11.2,6,,2019-04-05T06:27:38,2019-04-05T19:39:59,0,Rain,Clear conditions throughout the day with early morning rain.,rain,"03769099999,03680099999,03672099999,03781099999,D4121,03772099999,03770099999"
London,2019-04-06,10.6,7.5,9,10.6,5.1,7.2,5.6,79.29,0.2,,4.17,,,,,18.4,61.6,1005.3,0.6,12.4,108.8,5.5,3,,2019-04-06T06:25:23,2019-04-06T19:41:39,0.01,Rain,Clear conditions throughout the day with late afternoon rain.,rain,"03769099999,03680099999,03672099999,03781099999,D4121,AR120,03772099999,03770099999"
London,2019-04-07,11.6,7.1,9.2,11.6,4.8,8.1,7.2,86.89,0.2,,4.17,,,,,13.6,45,1008.1,0.5,4.1,87.5,4.4,2,,2019-04-07T06:23:09,2019-04-07T19:43:20,0.02,Rain,Clear conditions throughout the day with late afternoon rain.,rain,"03769099999,03680099999,03672099999,03781099999,D4121,03772099999,03770099999"
London,2019-04-08,12.6,8,10,12.6,7,9.7,7.5,84.91,1,,12.5,,,,,8.6,227.1,1010.9,0.6,4,106.4,5.4,2,,2019-04-08T06:20:56,2019-04-08T19:45:00,0.05,Rain,Clear conditions throughout the day with a chance of rain throughout the day.,rain,"03769099999,03680099999,03672099999,03781099999,D4121,03772099999,03770099999"
London,2019-04-09,12,7.6,9.6,12,4.9,8.2,6.7,83.14,1.2,,8.33,,,,,20.7,41.7,1013.9,0.6,8.7,61.1,3.1,2,,2019-04-09T06:18:43,2019-04-09T19:46:41,0.08,Rain,Clear conditions throughout the day with rain.,rain,"03769099999,03680099999,03672099999,03781099999,D4121,03772099999,03770099999"
London,2019-04-10,12.5,5.5,8.7,12.5,2.4,6.7,1.4,61.62,0,,0,,,,46.4,23.6,55.1,1019.3,0.3,28.7,363.6,19.6,7,,2019-04-10T06:16:30,2019-04-10T19:48:21,0.13,Clear,Clear conditions throughout the day.,clear-day,"03769099999,03680099999,D5621,03672099999,03781099999,D4121,AR120,03772099999,03770099999"
London,2019-04-11,12,3.1,7.1,12,0.8,5.3,-0.8,58.48,0,,0,,,,0,17.2,59.4,1025.7,0.1,35.4,402,20.3,7,,2019-04-11T06:14:18,2019-04-11T19:50:02,0.18,Clear,Clear conditions throughout the day.,clear-day,"03769099999,03680099999,03672099999,03781099999,D4121,03772099999,03770099999"
London,2019-04-12,10.5,3.1,6.9,10.5,1,5.3,-1,57.75,0,,0,,,,,16.5,63,1027,0.4,29.5,202.9,10.2,5,,2019-04-12T06:12:07,2019-04-12T19:51:42,0.23,Clear,Clear conditions throughout the day.,clear-day,"03769099999,03680099999,03672099999,03781099999,D4121,03772099999,03770099999"
London,2019-04-13,9.1,2.1,5.9,8.6,-0.2,3.7,-0.7,63.25,0.83,,8.33,,,,,18.2,65.2,1027.3,0.3,25.9,184.8,9.3,5,,2019-04-13T06:09:56,2019-04-13T19:53:22,0.29,Rain,Clear conditions throughout the day with rain.,rain,"03769099999,03680099999,D5621,03672099999,03781099999,D4121,03772099999,03770099999"
London,2019-04-14,10.5,2.1,6.1,10.5,0.6,4.1,-1.2,61.32,0.2,,4.17,,,,31.7,21.5,84.9,1025.5,0.3,23.3,211,10.6,6,,2019-04-14T06:07:45,2019-04-14T19:55:03,0.35,Rain,Clear conditions throughout the day with afternoon rain.,rain,"03769099999,03680099999,D5621,03672099999,03781099999,D4121,03772099999,03770099999"
London,2019-04-15,13.6,5.6,9.3,13.6,3.1,8.1,2,61.86,0,,0,,,,48.2,27.3,98.2,1020.4,0.4,11.8,225.9,12.2,6,,2019-04-15T06:05:36,2019-04-15T19:56:43,0.4,Clear,Clear conditions throughout the day.,clear-day,"03769099999,03680099999,D5621,03672099999,03781099999,03772099999,03770099999"
London,2019-04-16,17.1,7.1,11.8,17.1,6.6,11.5,6.3,70.22,0.21,,4.17,,,,,15.9,155.3,1015.1,0.6,5.6,154.7,8.4,4,,2019-04-16T06:03:27,2019-04-16T19:58:23,0.44,Rain,Clear conditions throughout the day with late afternoon rain.,rain,"03769099999,03680099999,D5621,03672099999,03781099999,03772099999,03770099999"
London,2019-04-17,19.1,8,12.9,19.1,7.1,12.7,6.7,67.3,0,,0,,,,0,16.5,97.1,1019.3,0.3,6.6,222.1,12,6,,2019-04-17T06:01:19,2019-04-17T20:00:04,0.47,Clear,Clear conditions throughout the day.,clear-day,"03769099999,03680099999,D5621,03672099999,03781099999,D4121,03772099999,03770099999"
London,2019-04-18,20.5,8.5,14.3,20.5,7.4,14,7.1,65.77,0,,0,,,,0,23.4,73.1,1023.1,0.3,9.5,334.3,18.1,7,,2019-04-18T05:59:12,2019-04-18T20:01:44,0.49,Clear,Clear conditions throughout the day.,clear-day,"03769099999,03680099999,03672099999,03781099999,D4121,03772099999,03770099999"
London,2019-04-19,23.6,10,16.3,23.6,10,16.2,5.7,52.2,0,,0,,,,13,16.8,54.1,1028.1,0.1,18.4,226.7,12.2,6,,2019-04-19T05:57:05,2019-04-19T20:03:24,0.5,Clear,Clear conditions throughout the day.,clear-day,"03769099999,03680099999,D5621,03672099999,03781099999,D4121,03772099999,03770099999"
London,2019-04-20,24.1,10.1,16.9,24.1,10.1,16.9,5.9,50.87,0,,0,,,,31.7,14,75.1,1029.6,0,19.4,212.7,11.5,7,,2019-04-20T05:55:00,2019-04-20T20:05:04,0.51,Clear,Clear conditions throughout the day.,clear-day,"03769099999,03680099999,D5621,03672099999,03781099999,D4121,03772099999,03770099999"
London,2019-04-21,22.6,10.6,16.1,22.6,10.6,16.1,4,46.8,0,,0,,,,,17.9,105.2,1020.6,0,19.1,213.1,11.5,7,,2019-04-21T05:52:55,2019-04-21T20:06:44,0.53,Clear,Clear conditions throughout the day.,clear-day,"03769099999,03680099999,D5621,03672099999,03781099999,03772099999,03770099999"
London,2019-04-22,24.1,10.1,16.5,24.1,10.1,16.4,6.1,52.08,0,,0,,,,35.3,20.6,95.3,1006.5,0.3,22.3,194.1,10.5,6,,2019-04-22T05:50:51,2019-04-22T20:08:24,0.56,Clear,Clear conditions throughout the day.,clear-day,"03769099999,03680099999,D5621,03672099999,03781099999,03772099999,03770099999"
London,2019-04-23,20.5,12.6,15.9,20.5,12.6,15.8,7.4,57.71,0,,0,,,,33.5,15,58.8,997.5,0.4,19.3,161.4,8.7,4,,2019-04-23T05:48:48,2019-04-23T20:10:04,0.6,Clear,Clear conditions throughout the day.,clear-day,"03769099999,03680099999,D5621,03672099999,03781099999,D4121,03772099999,03770099999"
London,2019-04-24,18.6,10.5,14.1,18.6,10.5,14,8.1,67.81,0.4,,4.17,,,,49.2,27.7,141.8,994.2,0.6,24.4,117.9,6.4,3,,2019-04-24T05:46:46,2019-04-24T20:11:44,0.64,Rain,Clear conditions throughout the day with afternoon rain.,rain,"03769099999,03680099999,D5621,03672099999,03781099999,03772099999,03770099999"
London,2019-04-25,16.6,10,12.6,16.6,10,12.5,6.3,66.78,1,,12.5,,,,48.2,28.1,170,999.2,0.4,41,106.8,6.1,4,,2019-04-25T05:44:46,2019-04-25T20:13:23,0.69,Rain,Clear conditions throughout the day with a chance of rain throughout the day.,rain,"03769099999,03680099999,D5621,03672099999,03781099999,AT055,03772099999,03770099999"
London,2019-04-26,16.1,7.6,11.6,16.1,6.9,11.3,6.3,71.45,0.47,,8.33,,,,50,27.6,199.2,1009,0.4,28.3,131.7,7.6,4,,2019-04-26T05:42:46,2019-04-26T20:15:03,0.73,Rain,Clear conditions throughout the day with rain.,rain,"03769099999,03680099999,D5621,03672099999,03781099999,AT055,03772099999,03770099999"
London,2019-04-27,12.1,8,10.2,12.1,3.7,8.5,2.9,61.95,0.4,,8.33,,,,74,43.5,255.3,1009.6,0.5,31.3,92,5,2,,2019-04-27T05:40:47,2019-04-27T20:16:42,0.78,Rain,Clear conditions throughout the day with rain.,rain,"03769099999,03680099999,D5621,03672099999,03781099999,D4121,03772099999,03770099999"
London,2019-04-28,13.6,7.6,10.8,13.6,4.3,9.6,4,63.37,0.8,,12.5,,,,50,23.4,220.8,1019.7,0.6,37.9,97.4,5.6,3,,2019-04-28T05:38:50,2019-04-28T20:18:21,0.83,Rain,Clear conditions throughout the day with a chance of rain throughout the day.,rain,"03769099999,03680099999,D5621,03672099999,03781099999,AT055,03772099999,03770099999"
London,2019-04-29,15,7,10.8,15,5.7,10.5,5.7,71.91,0,,0,,,,27.7,11.3,90.8,1025.9,0.5,23.5,116.9,6.7,4,,2019-04-29T05:36:54,2019-04-29T20:20:00,0.87,Clear,Clear conditions throughout the day.,clear-day,"03769099999,03680099999,D5621,03672099999,03781099999,D6143,03772099999,03770099999"
London,2019-04-30,16.6,7.6,11.9,16.6,7.6,11.8,6.2,70.35,0,,0,,,,,12.3,98.8,1024.6,0.3,18.9,153.6,8.8,5,,2019-04-30T05:34:59,2019-04-30T20:21:39,0.91,Clear,Clear conditions throughout the day.,clear-day,"03769099999,03680099999,D5621,03672099999,03781099999,D6143,03772099999,03770099999"
London,2019-05-01,17.1,7,12.4,17.1,7,12.3,6.6,69.27,0,,0,,,,27.7,17.2,250.1,1018.5,0.5,20.2,192,10.4,6,,2019-05-01T05:33:05,2019-05-01T20:23:17,0.95,Clear,Clear conditions throughout the day.,clear-day,"03769099999,03680099999,D5621,03672099999,03781099999,03772099999,03770099999"
London,2019-05-02,16.6,10.1,12.7,16.6,10.1,12.7,7.1,69.97,1.99,,4.17,,,,0,20,297.8,1014.3,0.4,31.4,155.2,8.9,6,,2019-05-02T05:31:13,2019-05-02T20:24:55,0.97,Rain,Clear conditions throughout the day with late afternoon rain.,rain,"03769099999,03680099999,D5621,03672099999,03781099999,D6143,03772099999,03770099999"
London,2019-05-03,13.5,7.5,10.3,13.5,4.9,9.8,6.7,78.98,5.18,,12.5,,,,27.7,18.2,250.7,1014.7,0.5,20,91,4.9,2,,2019-05-03T05:29:22,2019-05-03T20:26:33,0.99,Rain,Clear conditions throughout the day with rain.,rain,"03769099999,03680099999,D5621,03672099999,03781099999,D4121,03772099999,03770099999"
London,2019-05-04,11,5.6,8,11,2.2,5.6,1.4,64.34,1.4,,12.5,,,,56.9,31.1,68.8,1019.1,0.4,36.9,177.5,10.2,7,,2019-05-04T05:27:33,2019-05-04T20:28:11,1,Rain,Clear conditions throughout the day with rain.,rain,"03769099999,03680099999,D5621,03672099999,03781099999,03772099999,03770099999"
London,2019-05-05,11.6,5,8.5,11.6,2.7,7.3,0.4,58.39,0.65,,4.17,,,,,16.5,265.4,1025.8,0.4,30.3,168.4,9.7,6,,2019-05-05T05:25:45,2019-05-05T20:29:48,0,Rain,Clear conditions throughout the day with early morning rain.,rain,"03769099999,03680099999,D5621,03672099999,03781099999,03772099999,03770099999"
London,2019-05-06,13,6.1,9.8,13,4.6,9.1,0.7,53.77,0,,0,,,,29.5,17.6,283.2,1022.1,0.6,43,127.5,7.3,3,,2019-05-06T05:23:58,2019-05-06T20:31:24,0.01,Clear,Clear conditions throughout the day.,clear-day,"03769099999,03680099999,D5621,03672099999,03781099999,03772099999,03770099999"
London,2019-05-07,15.6,7,11.5,15.6,6.5,11.3,2.1,54.22,0,,0,,,,,19,197.3,1014.6,0.6,37.2,194.3,11.2,7,,2019-05-07T05:22:13,2019-05-07T20:33:00,0.04,Clear,Clear conditions throughout the day.,clear-day,"03769099999,03680099999,D5621,03672099999,03781099999,D4121,03772099999,03770099999"
London,2019-05-08,15.5,9,11.2,15.5,6.4,10.7,7.6,79.4,13.53,,12.5,,,,57.1,33.6,183.5,995,0.5,15,78.8,4.5,2,,2019-05-08T05:20:30,2019-05-08T20:34:36,0.07,Rain,Clear conditions throughout the day with rain.,rain,"03769099999,03680099999,D5621,03672099999,03781099999,D6143,03772099999,03770099999"
London,2019-05-09,14.5,7.1,10.9,14.5,6.4,10.8,8.3,84.77,7.21,,16.67,,,,46.4,18.1,259.3,997.1,0.5,17.4,145.2,8.4,6,,2019-05-09T05:18:48,2019-05-09T20:36:11,0.11,Rain,Clear conditions throughout the day with a chance of rain throughout the day.,rain,"03769099999,03680099999,D5621,03672099999,03781099999,D4121,03772099999,03770099999"
London,2019-05-10,16.1,6.1,11.5,16.1,5.7,11.2,5.9,71.59,2.6,,8.33,,,,,11.8,238.3,1008.6,0.4,21.5,217.9,12.5,8,,2019-05-10T05:17:09,2019-05-10T20:37:45,0.16,Rain,Clear conditions throughout the day with rain.,rain,"03769099999,03680099999,D5621,03672099999,03781099999,03772099999,03770099999"
London,2019-05-11,15,9.1,11.7,15,7.8,11.6,6.4,70.68,3.36,,12.5,,,,,17,216.4,1019.1,0.3,23.3,119.4,6.9,6,,2019-05-11T05:15:30,2019-05-11T20:39:19,0.22,Rain,Clear conditions throughout the day with rain.,rain,"03769099999,03680099999,D5621,03672099999,03772099999,03770099999"
London,2019-05-12,16.6,5.6,11.5,16.6,5.6,11.4,3.4,60.62,1.4,,12.5,,,,,19.6,180.3,1035.6,0.1,34.5,251.5,14.5,9,,2019-05-12T05:13:54,2019-05-12T20:40:52,0.28,Rain,Clear conditions throughout the day with a chance of rain throughout the day.,rain,"03769099999,03680099999,D5621,03672099999,03772099999,03770099999"
